player_name,player_id
pedro lucky,1
dibu messi,2
juanita white,3
julio Fabri,4
pol (-1),5
cerveza Holan,6
cerveza El Matador,7
peter paz,8
juanita Lopez,9
julio messi,10
gato (hijo),11
Mariano El Matador,12
pol medialuna,13
peter merc,14
Mariano merc,15
gon merc,16
Dona Lopez,17
salamin lucky,18
mar tiki taka,19
acdc Lopez,20
Vera ,21
pepito mantequita,22
mar jr,23
gato Closs,24
Manteca lucky,25
Luqui jr,26
Dona neymar,27
pepito ,28
josesito messi,29
Mariano tiki taka,30
marta perez,31
pepa perez,32
sr. tiki taka,33
dibu (hijo),34
pepa ssj,35
sr. martinez,36
pedro Fabri,37
acdc ,38
aaron paz,39
Pibe medialuna,40
jose el pulpo,41
dibu perez,42
dibu el pulpo,43
Mariano neymar,44
sr. Lopez,45
cerveza perez,46
dibu medialuna,47
Leo ssj,48
aaron Closs,49
Vera el pulpo,50
salamin jr,51
Dona jr,52
Vera alfajor,53
Mariano ssj,54
chiara Lopes,55
sr. Lopes,56
Luqui neymar,57
cerveza neymar,58
Pibe rodriguez,59
josesito (hijo),60
dibu lucky,61
mati rodriguez,62
Pibe alfajor,63
uwu (-1),64
mati madera,65
Pibe El Matador,66
Solsito tiki taka,67
pepa (padre),68
gato tiki taka,69
marta puntito,70
Sr El Matador,71
mar lucky,72
mar Lopez,73
Pibe jr,74
pedrito Lopes,75
Solsito el pulpo,76
sr. merc,77
gon medialuna,78
Manteca rock,79
josesito Holan,80
gato jr,81
aaron Lopes,82
mati mantequita,83
aaron white,84
Mr madera,85
pepa ,86
Sr mantequita,87
sr. medialuna,88
pol alfajor,89
peter mantequita,90
gon perez,91
el pibe Closs,92
Solsito (padre),93
Dona rodriguez,94
jose medialuna,95
marta messi,96
Vera medialuna,97
acdc tiki taka,98
Dona alfajor,99
salamin (padre),100
Dona mantequita,101
Doc. (-1),102
acdc lucky,103
Mr rodriguez,104
salamin alfajor,105
mati jr,106
aaron ,107
Mariano Lopes,108
josesito (-1),109
peter alfajor,110
juanita messi,111
peter rodriguez,112
pedrito El Matador,113
gato rock,114
Sr medialuna,115
juanita medialuna,116
uwu Lopes,117
Pablo ,118
pedro (-1),119
marta lucky,120
jose Fabri,121
salamin messi,122
Dona medialuna,123
marta madera,124
pepito Lopes,125
cerveza tiki taka,126
pepito (padre),127
gato merc,128
Doc. Lopes,129
Luqui white,130
pepa paz,131
Leo jr,132
dibu tiki taka,133
jose martinez,134
Mariano rodriguez,135
pedro messi,136
chiara neymar,137
lionel el pulpo,138
gato puntito,139
pedro tiki taka,140
salamin Closs,141
Leo El Matador,142
Pablo alfajor,143
pepa (hijo),144
juanita (hijo),145
Pibe Closs,146
jose perez,147
Pablo rock,148
dibu alfajor,149
juanita (-1),150
gon ,151
juanita (padre),152
jose Lopez,153
Solsito mantequita,154
dibu Fabri,155
mati (hijo),156
Doc. Lopez,157
mati puntito,158
Pablo perez,159
Pablo white,160
marta mantequita,161
Pablo jr,162
cerveza paz,163
marta Holan,164
Solsito lucky,165
jose puntito,166
jose merc,167
mati tiki taka,168
dibu madera,169
uwu ssj,170
josesito rock,171
Vera ssj,172
sr. perez,173
Leo puntito,174
Vera Lopes,175
salamin perez,176
Sr white,177
mar alfajor,178
Luqui ,179
Sr ,180
Luqui Lopez,181
Doc. puntito,182
pepa (-1),183
mar rodriguez,184
salamin Lopez,185
Pibe ssj,186
Solsito alfajor,187
sr. jr,188
Mr (-1),189
juanita mantequita,190
acdc merc,191
mar El Matador,192
Solsito rock,193
aaron ssj,194
josesito alfajor,195
uwu martinez,196
Doc. lucky,197
pedrito rock,198
gon rodriguez,199
jose mantequita,200
lionel Closs,201
pedro medialuna,202
Mr merc,203
Pibe Lopez,204
Luqui perez,205
chiara puntito,206
dibu merc,207
pedrito alfajor,208
pol madera,209
Mariano white,210
Sr martinez,211
uwu paz,212
marta paz,213
jose rock,214
Pablo medialuna,215
juanita el pulpo,216
Pibe Holan,217
Mr Lopes,218
acdc medialuna,219
juanita Fabri,220
aaron Lopez,221
josesito medialuna,222
salamin (-1),223
el pibe alfajor,224
chiara martinez,225
Leo perez,226
sr. (padre),227
gato Lopez,228
aaron rock,229
peter medialuna,230
jose El Matador,231
Doc. tiki taka,232
gon rock,233
pepito El Matador,234
el pibe Holan,235
salamin medialuna,236
el pibe El Matador,237
sr. rock,238
dibu (-1),239
peter ssj,240
Pibe mantequita,241
juanita rodriguez,242
julio Lopez,243
Mr ssj,244
lionel alfajor,245
lionel neymar,246
Dona ssj,247
pedrito (hijo),248
Dona martinez,249
el pibe martinez,250
peter messi,251
salamin Holan,252
salamin ssj,253
Dona (padre),254
juanita tiki taka,255
josesito white,256
gon Closs,257
aaron martinez,258
Leo Fabri,259
acdc jr,260
Solsito paz,261
pol messi,262
gon Lopez,263
pepa jr,264
dibu El Matador,265
pol Fabri,266
lionel Lopez,267
gon white,268
cerveza madera,269
sr. El Matador,270
mar merc,271
Sr jr,272
sr. paz,273
mar madera,274
Doc. alfajor,275
gon (padre),276
Manteca jr,277
cerveza Closs,278
aaron El Matador,279
gon El Matador,280
lionel rodriguez,281
pedrito Closs,282
Luqui Fabri,283
Luqui martinez,284
pepa medialuna,285
Solsito Fabri,286
pepito neymar,287
chiara madera,288
chiara ,289
gato paz,290
dibu puntito,291
Pibe madera,292
el pibe (hijo),293
chiara paz,294
lionel jr,295
Doc. (padre),296
acdc martinez,297
pol neymar,298
pepa alfajor,299
Pablo el pulpo,300
julio mantequita,301
Mr rock,302
chiara rodriguez,303
pepito puntito,304
pedrito Fabri,305
Sr Lopes,306
chiara alfajor,307
chiara rock,308
pedro alfajor,309
Leo (hijo),310
Sr Fabri,311
uwu (padre),312
sr. el pulpo,313
Dona Holan,314
pedrito white,315
pedro mantequita,316
sr. (-1),317
jose Closs,318
pepa messi,319
Mr medialuna,320
sr. lucky,321
Pablo (hijo),322
pepito rodriguez,323
lionel rock,324
uwu (hijo),325
Doc. ,326
juanita ssj,327
mar perez,328
pedro merc,329
Mariano Closs,330
julio lucky,331
juanita lucky,332
cerveza white,333
el pibe ssj,334
gato messi,335
Luqui rodriguez,336
el pibe paz,337
marta merc,338
pedrito medialuna,339
Mr ,340
julio rock,341
Pibe Fabri,342
peter Holan,343
juanita paz,344
cerveza mantequita,345
Vera messi,346
marta martinez,347
pol puntito,348
josesito martinez,349
Luqui mantequita,350
pol Closs,351
julio rodriguez,352
Solsito puntito,353
Mariano alfajor,354
mar Closs,355
Sr puntito,356
pepito madera,357
acdc mantequita,358
pedrito (padre),359
cerveza alfajor,360
uwu rock,361
peter perez,362
aaron merc,363
pedro white,364
Manteca (padre),365
Mariano (hijo),366
mati martinez,367
pedrito (-1),368
salamin merc,369
jose neymar,370
el pibe neymar,371
gato (-1),372
pedro El Matador,373
mati merc,374
Vera rock,375
gon (hijo),376
Solsito martinez,377
pedro (hijo),378
chiara (hijo),379
aaron lucky,380
gato rodriguez,381
gato El Matador,382
Leo Holan,383
Mariano lucky,384
gato Fabri,385
Doc. martinez,386
Manteca Fabri,387
lionel lucky,388
mar neymar,389
marta (padre),390
uwu ,391
Manteca puntito,392
pepa puntito,393
Mariano el pulpo,394
pedrito ,395
el pibe mantequita,396
Manteca alfajor,397
el pibe jr,398
Vera El Matador,399
mati paz,400
Dona ,401
aaron rodriguez,402
cerveza (padre),403
acdc rodriguez,404
chiara merc,405
Vera Fabri,406
acdc el pulpo,407
aaron Holan,408
Manteca ,409
chiara Lopez,410
aaron tiki taka,411
sr. Fabri,412
Leo rodriguez,413
Pibe neymar,414
Doc. rodriguez,415
pedrito mantequita,416
peter Closs,417
juanita puntito,418
josesito Closs,419
peter puntito,420
Pibe paz,421
el pibe rock,422
acdc (hijo),423
el pibe ,424
Doc. white,425
josesito el pulpo,426
jose messi,427
uwu white,428
mar puntito,429
Mr (padre),430
Pibe ,431
salamin (hijo),432
Mariano madera,433
uwu neymar,434
pepa mantequita,435
pedro ssj,436
pedrito merc,437
Dona rock,438
Luqui lucky,439
pedrito jr,440
Pablo Lopes,441
julio martinez,442
mar martinez,443
el pibe Lopes,444
julio tiki taka,445
lionel Fabri,446
Pibe Lopes,447
chiara medialuna,448
josesito lucky,449
Manteca perez,450
Vera perez,451
Pablo rodriguez,452
salamin rodriguez,453
Vera lucky,454
marta Lopes,455
acdc El Matador,456
Sr (-1),457
Mariano jr,458
uwu messi,459
peter neymar,460
aaron (hijo),461
gon Lopes,462
peter white,463
Mr el pulpo,464
Vera rodriguez,465
pepito martinez,466
dibu ,467
julio Closs,468
gon el pulpo,469
pepito medialuna,470
Pablo tiki taka,471
mar Fabri,472
gato alfajor,473
Manteca martinez,474
pepa rock,475
pedrito rodriguez,476
Sr merc,477
sr. puntito,478
salamin el pulpo,479
dibu rodriguez,480
julio perez,481
cerveza lucky,482
Doc. Closs,483
Luqui Lopes,484
peter lucky,485
Pablo (padre),486
pepa El Matador,487
pepito lucky,488
Pablo merc,489
pepito el pulpo,490
Sr rodriguez,491
pepito alfajor,492
julio (padre),493
uwu rodriguez,494
peter Fabri,495
Luqui messi,496
Dona lucky,497
salamin paz,498
pepa white,499
acdc alfajor,500
Luqui paz,501
mati alfajor,502
marta (hijo),503
Luqui alfajor,504
Dona paz,505
acdc madera,506
pedro el pulpo,507
acdc Fabri,508
Dona El Matador,509
Pablo madera,510
gon lucky,511
josesito rodriguez,512
Luqui (padre),513
peter jr,514
cerveza jr,515
pepa rodriguez,516
Mr Lopez,517
pepa tiki taka,518
Pablo (-1),519
pedro (padre),520
juanita Lopes,521
acdc rock,522
gon paz,523
juanita alfajor,524
Solsito Lopez,525
julio jr,526
el pibe (-1),527
jose paz,528
mati Fabri,529
Doc. medialuna,530
lionel tiki taka,531
pedrito perez,532
Pablo Lopez,533
sr. neymar,534
Dona white,535
Manteca mantequita,536
cerveza martinez,537
pedrito tiki taka,538
el pibe el pulpo,539
mar (padre),540
josesito Lopez,541
lionel messi,542
acdc paz,543
el pibe messi,544
Luqui puntito,545
sr. (hijo),546
mar mantequita,547
josesito madera,548
pepa Holan,549
acdc white,550
uwu alfajor,551
cerveza merc,552
Solsito white,553
Solsito ,554
Vera tiki taka,555
Vera jr,556
pepa Closs,557
pedrito Lopez,558
Sr rock,559
Doc. ssj,560
pedrito el pulpo,561
salamin rock,562
pol rock,563
lionel medialuna,564
Luqui Closs,565
mar paz,566
peter (-1),567
Mr lucky,568
sr. madera,569
Luqui merc,570
josesito merc,571
josesito perez,572
mati (-1),573
pol el pulpo,574
pol (hijo),575
el pibe (padre),576
Solsito medialuna,577
pepito (-1),578
uwu puntito,579
gon messi,580
mati rock,581
chiara el pulpo,582
jose rodriguez,583
Mr Holan,584
cerveza (-1),585
Pablo mantequita,586
pedro jr,587
uwu mantequita,588
peter Lopes,589
Pablo puntito,590
Luqui Holan,591
mar ,592
Sr alfajor,593
gon tiki taka,594
Sr madera,595
Vera paz,596
dibu rock,597
uwu Fabri,598
aaron (padre),599
mar el pulpo,600
mar white,601
pepa neymar,602
chiara ssj,603
Pablo El Matador,604
juanita ,605
acdc Holan,606
josesito ssj,607
gato perez,608
Vera (padre),609
Vera white,610
peter tiki taka,611
Luqui medialuna,612
cerveza rock,613
julio (hijo),614
julio neymar,615
Mariano (padre),616
pedro paz,617
Doc. jr,618
marta (-1),619
dibu (padre),620
mati Lopez,621
aaron mantequita,622
pedro rodriguez,623
julio puntito,624
Manteca El Matador,625
Sr messi,626
gato madera,627
gon martinez,628
dibu Holan,629
marta jr,630
mati El Matador,631
pepito perez,632
Solsito madera,633
salamin madera,634
Doc. Fabri,635
Pibe puntito,636
Doc. perez,637
el pibe white,638
pedrito paz,639
pepito Lopez,640
marta Fabri,641
pepito Fabri,642
aaron neymar,643
sr. Holan,644
Dona merc,645
juanita neymar,646
Pibe (-1),647
Solsito neymar,648
salamin white,649
pol Holan,650
marta rodriguez,651
pepito messi,652
pol (padre),653
peter Lopez,654
Mariano ,655
gon Holan,656
Luqui el pulpo,657
mar Lopes,658
josesito (padre),659
gon jr,660
uwu jr,661
lionel martinez,662
acdc Closs,663
Solsito Lopes,664
el pibe Fabri,665
Pibe (padre),666
pepa Lopez,667
mati ssj,668
Mariano paz,669
Manteca ssj,670
Leo ,671
juanita rock,672
Luqui madera,673
pedrito puntito,674
sr. Closs,675
Leo (-1),676
pepito (hijo),677
Mariano perez,678
jose lucky,679
Vera Lopez,680
sr. white,681
gato martinez,682
cerveza ,683
chiara perez,684
dibu white,685
cerveza Fabri,686
lionel Lopes,687
pol ,688
lionel (-1),689
gon mantequita,690
Manteca medialuna,691
el pibe medialuna,692
gato Lopes,693
lionel madera,694
el pibe rodriguez,695
pepito tiki taka,696
uwu merc,697
Dona Lopes,698
Pablo Fabri,699
lionel merc,700
Vera merc,701
julio ,702
el pibe Lopez,703
juanita perez,704
pedro perez,705
peter (padre),706
marta rock,707
pol mantequita,708
mati Holan,709
acdc (padre),710
marta medialuna,711
lionel paz,712
Pibe messi,713
uwu Closs,714
sr. mantequita,715
Solsito Closs,716
jose (padre),717
julio El Matador,718
Solsito (hijo),719
mati white,720
Luqui tiki taka,721
Manteca neymar,722
Doc. el pulpo,723
sr. ,724
Vera martinez,725
pol merc,726
chiara white,727
pepito merc,728
dibu mantequita,729
mati neymar,730
Pablo Closs,731
lionel (padre),732
Solsito jr,733
mati lucky,734
Manteca Lopez,735
Leo martinez,736
pepa lucky,737
cerveza medialuna,738
pepa Lopes,739
Leo medialuna,740
gato white,741
julio paz,742
Pablo lucky,743
gato medialuna,744
mar (-1),745
Dona Fabri,746
salamin neymar,747
pedro ,748
chiara messi,749
Pibe perez,750
Vera (-1),751
Dona el pulpo,752
Dona perez,753
chiara (padre),754
pol tiki taka,755
mati Closs,756
cerveza Lopez,757
Sr (hijo),758
Manteca paz,759
josesito Lopes,760
pedrito messi,761
pol ssj,762
juanita Closs,763
Doc. (hijo),764
salamin mantequita,765
Manteca Closs,766
cerveza rodriguez,767
acdc messi,768
uwu El Matador,769
aaron messi,770
lionel Holan,771
jose madera,772
pol Lopes,773
chiara Holan,774
marta el pulpo,775
lionel El Matador,776
jose white,777
lionel puntito,778
Solsito (-1),779
gon puntito,780
mati (padre),781
Mariano messi,782
juanita martinez,783
josesito Fabri,784
josesito paz,785
cerveza Lopes,786
Dona Closs,787
aaron (-1),788
pol lucky,789
peter (hijo),790
cerveza ssj,791
Manteca Holan,792
marta alfajor,793
Sr el pulpo,794
pedrito neymar,795
lionel ssj,796
Manteca merc,797
julio ssj,798
Dona tiki taka,799
Solsito rodriguez,800
marta Closs,801
gato mantequita,802
Mr mantequita,803
jose Lopes,804
Pibe el pulpo,805
gon madera,806
salamin puntito,807
pedro Closs,808
Luqui ssj,809
gato Holan,810
Solsito ssj,811
josesito ,812
julio madera,813
Pablo messi,814
Manteca Lopes,815
Solsito El Matador,816
pepa merc,817
pol rodriguez,818
gon ssj,819
chiara Fabri,820
pedro martinez,821
Manteca el pulpo,822
josesito puntito,823
el pibe puntito,824
Doc. madera,825
Vera Closs,826
juanita El Matador,827
Mariano medialuna,828
Mariano Lopez,829
sr. messi,830
pedrito martinez,831
Sr tiki taka,832
juanita merc,833
cerveza el pulpo,834
Doc. mantequita,835
peter ,836
julio Lopes,837
dibu neymar,838
Doc. messi,839
Leo messi,840
acdc Lopes,841
uwu el pulpo,842
marta tiki taka,843
gon Fabri,844
el pibe tiki taka,845
Doc. Holan,846
Dona (hijo),847
josesito El Matador,848
dibu Lopez,849
Leo white,850
Manteca rodriguez,851
dibu ssj,852
marta Lopez,853
dibu Closs,854
chiara jr,855
mati el pulpo,856
Mr jr,857
Leo mantequita,858
uwu medialuna,859
Leo (padre),860
Leo merc,861
gato el pulpo,862
acdc (-1),863
marta El Matador,864
Sr (padre),865
Mariano puntito,866
gato ssj,867
aaron perez,868
Dona messi,869
Mr (hijo),870
uwu perez,871
Leo Lopes,872
lionel (hijo),873
cerveza (hijo),874
Luqui (hijo),875
Sr lucky,876
pol martinez,877
pedro Lopez,878
cerveza messi,879
juanita jr,880
peter el pulpo,881
Mariano Holan,882
pedrito Holan,883
acdc neymar,884
chiara mantequita,885
Mr alfajor,886
Manteca white,887
mati messi,888
uwu Holan,889
jose (-1),890
salamin El Matador,891
mati ,892
acdc perez,893
Mr tiki taka,894
pepa el pulpo,895
pol white,896
julio white,897
sr. alfajor,898
chiara (-1),899
lionel mantequita,900
uwu lucky,901
gato neymar,902
pepito ssj,903
pol Lopez,904
Leo paz,905
gato (padre),906
dibu jr,907
Mr perez,908
julio el pulpo,909
Pibe merc,910
Pibe white,911
gon neymar,912
gon alfajor,913
aaron el pulpo,914
Pibe (hijo),915
pol El Matador,916
Sr ssj,917
pol jr,918
Solsito perez,919
el pibe lucky,920
Vera (hijo),921
josesito jr,922
marta neymar,923
mar ssj,924
Mr Fabri,925
peter rock,926
juanita madera,927
pedrito lucky,928
uwu madera,929
juanita Holan,930
Doc. El Matador,931
gon (-1),932
peter madera,933
salamin Fabri,934
josesito mantequita,935
Mariano (-1),936
pol perez,937
el pibe merc,938
Pibe tiki taka,939
aaron madera,940
aaron puntito,941
julio alfajor,942
Solsito merc,943
Pibe lucky,944
lionel white,945
dibu Lopes,946
Leo alfajor,947
Mr neymar,948
aaron alfajor,949
Mariano martinez,950
Sr paz,951
pepito jr,952
chiara lucky,953
pedrito ssj,954
pol paz,955
Manteca (-1),956
Manteca tiki taka,957
Mariano Fabri,958
Sr perez,959
lionel ,960
Mr paz,961
pedro madera,962
Pablo neymar,963
aaron Fabri,964
jose ,965
Dona puntito,966
Mr El Matador,967
sr. ssj,968
marta white,969
mati medialuna,970
jose tiki taka,971
chiara tiki taka,972
Sr neymar,973
Leo tiki taka,974
Dona madera,975
Sr Lopez,976
mar medialuna,977
marta ssj,978
salamin martinez,979
jose alfajor,980
Luqui (-1),981
Leo madera,982
lionel perez,983
jose jr,984
julio (-1),985
pepito Holan,986
jose ssj,987
pepa Fabri,988
Leo neymar,989
Vera madera,990
josesito neymar,991
julio medialuna,992
dibu martinez,993
peter El Matador,994
pepito white,995
Doc. merc,996
Leo rock,997
Luqui El Matador,998
peter martinez,999
Pablo Holan,1000
salamin tiki taka,1001
Vera mantequita,1002
Mr martinez,1003
Mariano mantequita,1004
Luqui rock,1005
gato ,1006
Mr puntito,1007
acdc ssj,1008
pepito rock,1009
chiara El Matador,1010
Sr Closs,1011
dibu paz,1012
Mr Closs,1013
uwu Lopez,1014
Vera neymar,1015
pedro neymar,1016
Sr Holan,1017
julio merc,1018
jose Holan,1019
mar rock,1020
pedro Holan,1021
Pibe rock,1022
acdc puntito,1023
salamin Lopes,1024
pedro rock,1025
Pibe martinez,1026
pepa madera,1027
Manteca madera,1028
aaron jr,1029
salamin ,1030
Leo Lopez,1031
Vera puntito,1032
Manteca messi,1033
cerveza puntito,1034
pedrito madera,1035
Leo el pulpo,1036
uwu tiki taka,1037
Doc. rock,1038
julio Holan,1039
sr. rodriguez,1040
Mariano rock,1041
Mr messi,1042
pedro puntito,1043
mati perez,1044
el pibe madera,1045
pepito Closs,1046
chiara Closs,1047
mar Holan,1048
mati Lopes,1049
Doc. neymar,1050
mar (hijo),1051
Pablo ssj,1052
marta ,1053
Solsito messi,1054
josesito tiki taka,1055
mar messi,1056
Dona (-1),1057
Leo Closs,1058
gato lucky,1059
pepa martinez,1060
jose (hijo),1061
Manteca (hijo),1062
Leo lucky,1063
Vera Holan,1064
pepito paz,1065
aaron medialuna,1066
Solsito Holan,1067
Pablo paz,1068
el pibe perez,1069
Mr white,1070
Pablo martinez,1071
Doc. paz,1072
pedro Lopes,1073
