id,match_id,player_id,player_name,equipo,tick,hora
163,42,46,Nico,Red,12,
164,42,2,tnt,Red,34,
165,42,2,tnt,Red,62,
166,43,50,carrascketa,Red,196,
167,44,2,tnt,Red,28,
168,45,47,pijo,Blue,45,
169,45,50,carrascketa,Blue,121,
170,45,48,"marco!""",Blue,151,
171,46,48,"marco!""",Blue,16,
172,46,46,Nico,Blue,29,
173,46,46,Nico,Blue,50,
174,48,54,Puskas,Red,15,
175,48,51,Di stefano,Blue,54,
176,48,47,pijo,Blue,128,
177,48,47,pijo,Blue,148,
178,50,56,pitogomosodow,Red,27,
179,50,44,.,Blue,70,
180,50,44,.,Blue,97,
181,50,54,Puskas,Blue,148,
182,51,48,"marco!""",Blue,13,
183,51,57,MATT,Red,28,
184,51,57,MATT,Blue,50,
185,51,2,tnt,Red,58,
186,51,57,MATT,Red,98,
187,53,57,MATT,Blue,84,
188,53,55,narigonriverplate.,Blue,124,
189,53,58,𓆩la coty𓆪 ,Blue,138,
190,54,54,Puskas,Blue,13,
191,54,54,Puskas,Blue,27,
192,54,58,𓆩la coty𓆪 ,Red,41,
193,54,48,"marco!""",Blue,80,
194,55,59,klk,Blue,15,
195,55,48,"marco!""",Blue,65,
196,55,59,klk,Red,84,
197,55,48,"marco!""",Blue,152,
198,56,54,Puskas,Red,24,
199,56,58,𓆩la coty𓆪 ,Red,39,
200,56,57,MATT,Red,68,
201,57,53,MERNOSKETTI,Red,2,
202,58,58,𓆩la coty𓆪 ,Blue,63,
203,58,48,"marco!""",Red,107,
204,58,2,tnt,Red,220,
205,59,57,MATT,Red,10,
206,59,58,𓆩la coty𓆪 ,Red,16,
207,59,57,MATT,Red,58,
208,60,57,MATT,Red,6,
209,60,53,MERNOSKETTI,Red,109,
210,60,53,MERNOSKETTI,Red,153,
211,61,57,MATT,Red,82,
212,61,48,"marco!""",Blue,111,
213,61,53,MERNOSKETTI,Red,129,
214,61,60,𝖘𝖙𝖗𝖆𝖋𝖊 (1 mano),Red,137,
225,66,48,"marco!""",Red,7,
226,66,48,"marco!""",Red,109,
227,66,2,tnt,Blue,117,
228,67,69,Oe senna,Blue,41,
229,67,58,𓆩la coty𓆪 ,Blue,50,
230,67,48,"marco!""",Blue,60,
231,68,70,z,Red,34,
232,68,70,z,Red,82,
233,68,69,Oe senna,Red,89,
234,69,2,tnt,Red,30,
235,69,48,"marco!""",Red,77,
236,69,58,𓆩la coty𓆪 ,Red,86,
237,70,48,"marco!""",Blue,19,
238,70,48,"marco!""",Blue,105,
239,70,72,@_indio_12,Blue,157,
240,71,73,031,Blue,22,
241,71,58,𓆩la coty𓆪 ,Blue,129,
242,71,2,tnt,Blue,149,
243,72,2,tnt,Red,10,
244,72,2,tnt,Red,35,
245,72,74,Javito08 ,Blue,38,
246,72,74,Javito08 ,Blue,43,
247,72,74,Javito08 ,Blue,71,
248,73,72,@_indio_12,Red,191,
249,75,75,Mmylton,Red,7,
250,75,71,milo(q),Red,68,
251,75,75,Mmylton,Blue,106,
252,76,72,@_indio_12,Blue,72,
253,76,63,Carlos palacios,Red,81,
254,76,72,@_indio_12,Red,99,
255,76,75,Mmylton,Blue,161,
256,76,72,@_indio_12,Red,273,
257,77,63,Carlos palacios,Blue,11,
258,77,75,Mmylton,Red,33,
259,77,48,"marco!""",Blue,205,
260,78,76,buttow,Red,8,
261,78,71,milo(q),Red,15,
262,79,48,"marco!""",Red,16,
263,79,76,buttow,Blue,59,
264,79,48,"marco!""",Blue,71,
265,79,71,milo(q),Blue,106,
266,80,70,z,Blue,53,
267,80,72,@_indio_12,Blue,67,
283,88,80,fff,Blue,68,
284,88,85,kyō,Red,77,
285,88,85,kyō,Red,176,
286,89,81,tR Salah,Red,73,
287,89,84,tuni,Red,84,
288,89,84,tuni,Red,98,
289,90,2,tnt,Red,2,
290,90,87,Rivaldo_,Blue,11,
291,90,2,tnt,Red,54,
292,90,2,tnt,Red,121,
294,92,85,kyō,Blue,32,
295,92,92,Tobias,Red,139,
296,92,84,tuni,Blue,236,
297,93,92,Tobias,Red,161,
298,95,99,mcloco,Red,63,
299,95,81,tR Salah,Red,159,
300,95,92,Tobias,Red,171,
301,96,102,shit ,Red,141,
302,96,100,matee,Red,148,
303,96,92,Tobias,Blue,153,
304,97,100,matee,Red,45,
305,97,99,mcloco,Red,163,
306,98,99,mcloco,Red,87,
307,98,55,narigonriverplate.,Red,99,
308,98,2,tnt,Red,173,
309,99,98,Orsigoat,Red,11,
310,99,92,Tobias,Blue,13,
311,99,97,Tom,Red,23,
312,99,92,Tobias,Blue,50,
313,99,97,Tom,Blue,76,
314,101,98,Orsigoat,Red,51,
315,101,107,ferchu,Red,139,
316,101,99,mcloco,Blue,156,
317,101,98,Orsigoat,Red,180,
318,102,102,shit ,Red,192,
319,103,55,narigonriverplate.,Red,15,
320,103,102,shit ,Red,30,
321,103,105,rubertinho,Red,33,
322,104,99,mcloco,Blue,17,
323,104,108,ataraxia,Red,71,
324,104,2,tnt,Red,85,
325,104,105,rubertinho,Blue,100,
326,104,99,mcloco,Blue,226,
333,109,112,belu ,Blue,32,
334,110,117,Tuc,Red,13,
335,110,115,tego,Red,81,
336,110,117,Tuc,Red,110,
337,111,117,Tuc,Red,75,
338,111,117,Tuc,Red,131,
339,111,114,C. Palacios,Red,134,
344,115,117,Tuc,Blue,49,
345,115,117,Tuc,Blue,69,
346,115,115,tego,Blue,88,
347,116,120,strafinho,Blue,17,
348,116,2,tnt,Red,38,
349,116,2,tnt,Red,145,
350,116,112,belu ,Blue,164,
351,116,117,Tuc,Blue,172,
352,117,117,Tuc,Blue,40,
353,117,117,Tuc,Blue,51,
354,117,2,tnt,Blue,84,
356,119,120,strafinho,Red,28,
357,119,117,Tuc,Blue,158,
358,119,115,tego,Red,204,
359,121,122,respect ,Blue,111,
360,122,122,respect ,Red,12,
361,122,123,AML|,Blue,23,
362,122,122,respect ,Blue,45,
363,122,112,belu ,Red,89,
364,122,2,tnt,Blue,95,
365,123,122,respect ,Blue,37,
366,123,122,respect ,Blue,94,
367,123,2,tnt,Blue,111,
368,124,122,respect ,Red,44,
369,124,2,tnt,Blue,93,
370,124,117,Tuc,Blue,107,
373,126,117,Tuc,Red,42,
374,126,112,belu ,Blue,83,
375,126,117,Tuc,Red,114,
376,126,120,strafinho,Red,123,
377,127,112,belu ,Red,26,
378,127,124,Maquia,Red,34,
379,127,2,tnt,Blue,55,
380,127,125,batix_ok,Blue,120,
381,127,124,Maquia,Blue,130,
382,128,117,Tuc,Blue,25,
383,128,117,Tuc,Blue,34,
384,128,117,Tuc,Blue,98,
385,129,2,tnt,Blue,53,
386,129,125,batix_ok,Red,83,
387,129,125,batix_ok,Red,97,
388,130,124,Maquia,Red,34,
389,130,125,batix_ok,Blue,112,
390,130,128,!Lxx,Red,129,
391,130,124,Maquia,Red,159,
394,132,129,Tomy,Red,70,
395,132,128,!Lxx,Blue,98,
396,132,120,strafinho,Red,144,
397,134,130,el tussi,Blue,19,
398,134,2,tnt,Red,28,
399,134,130,el tussi,Blue,34,
400,134,130,el tussi,Blue,48,
401,135,2,tnt,Red,89,
402,135,2,tnt,Blue,150,
403,135,130,el tussi,Blue,160,
404,135,130,el tussi,Blue,177,
405,136,128,!Lxx,Red,122,
406,136,112,belu ,Red,134,
407,136,2,tnt,Red,146,
408,138,128,!Lxx,Red,18,
409,138,2,tnt,Blue,76,
410,138,120,strafinho,Red,139,
411,138,128,!Lxx,Red,163,
414,140,2,tnt,Blue,155,
415,141,135,dero,Red,47,
416,141,135,dero,Red,49,
417,141,137,soul ⛧ (flow  br),Red,69,
419,144,138,Changuito Zeballos<3,Red,5,
420,144,124,Maquia,Red,52,
421,144,137,soul ⛧ (flow  br),Red,85,
422,146,120,strafinho,Red,28,
423,146,137,soul ⛧ (flow  br),Blue,61,
424,146,140,Bv_,Blue,80,
425,146,120,strafinho,Blue,180,
439,165,144,9,Blue,78,
440,165,142,xzn,Red,179,
441,165,2,tnt,Blue,185,
447,168,142,xzn,Red,56,
448,168,2,tnt,Blue,70,
449,168,142,xzn,Red,72,
450,168,149,kevs´,Red,90,
451,169,149,kevs´,Red,34,
452,169,149,kevs´,Red,65,
453,169,149,kevs´,Red,83,
454,170,149,kevs´,Red,2,
455,171,142,xzn,Blue,32,
456,171,148,nine,Red,66,
457,171,148,nine,Red,85,
458,171,2,tnt,Blue,115,
459,171,144,9,Blue,129,
503,192,160,Barco Basurero,Red,25,
504,192,2,tnt,Blue,92,
505,192,163,pato,Blue,97,
506,192,163,pato,Blue,121,
507,193,165,Szczęsny,Red,24,
508,193,160,Barco Basurero,Red,103,
510,195,166,                    ᵇᵘᵗᵃ',Blue,56,
511,195,165,Szczęsny,Red,65,
512,195,160,Barco Basurero,Blue,79,
513,195,166,                    ᵇᵘᵗᵃ',Blue,91,
514,196,164,sapardo,Blue,14,
515,196,2,tnt,Blue,30,
516,196,2,tnt,Blue,139,
517,197,165,Szczęsny,Red,11,
518,197,165,Szczęsny,Blue,83,
519,197,164,sapardo,Red,103,
520,197,163,pato,Blue,155,
521,197,161,𝐙𝐢𝐲𝐞𝐜𝐡𝐁𝐚𝐥𝐥💀♰ 卍,Blue,215,
522,198,161,𝐙𝐢𝐲𝐞𝐜𝐡𝐁𝐚𝐥𝐥💀♰ 卍,Blue,37,
523,198,165,Szczęsny,Blue,49,
524,198,169,uuuuuuuu,Blue,84,
525,199,169,uuuuuuuu,Blue,103,
526,199,164,sapardo,Red,126,
527,199,172,Xquis,Blue,148,
528,200,170,tute ,Red,94,
529,200,169,uuuuuuuu,Blue,107,
530,200,163,pato,Blue,154,
531,201,176, 🎄┇₸iziɑno௹,Blue,9,
532,201,175,cfk,Blue,69,
533,201,171,porongo,Blue,93,
534,203,173,merenn,Red,15,
535,203,164,sapardo,Red,53,
536,203,117,Tuc,Red,138,
537,204,117,Tuc,Red,17,
538,204,2,tnt,Blue,53,
539,204,179,guzmaf,Red,69,
540,204,2,tnt,Blue,172,
541,204,179,guzmaf,Red,182,
542,205,173,merenn,Red,11,
543,205,2,tnt,Blue,46,
544,205,173,merenn,Blue,61,
545,205,166,                    ᵇᵘᵗᵃ',Red,69,
546,205,173,merenn,Red,99,
547,206,182,Mane gallina (C),Red,10,
548,206,182,Mane gallina (C),Red,52,
549,206,182,Mane gallina (C),Red,139,
550,207,173,merenn,Blue,70,
551,207,182,Mane gallina (C),Red,83,
552,207,182,Mane gallina (C),Red,150,
553,209,183,p̿͝e̓̚r̓͘̕e͛̿͋r̽͒͝e̒̚k̈́͑a,Red,18,
554,209,117,Tuc,Red,25,
555,209,184,Mænu ,Red,58,
556,210,173,merenn,Red,10,
557,210,117,Tuc,Red,44,
558,210,117,Tuc,Red,52,
559,211,184,Mænu ,Red,80,
560,211,184,Mænu ,Red,116,
561,211,166,                    ᵇᵘᵗᵃ',Blue,133,
562,211,164,sapardo,Blue,148,
563,211,183,p̿͝e̓̚r̓͘̕e͛̿͋r̽͒͝e̒̚k̈́͑a,Red,158,
564,212,117,Tuc,Red,88,
565,212,185,Kvd💡,Red,180,
566,214,2,tnt,Blue,35,
567,214,183,p̿͝e̓̚r̓͘̕e͛̿͋r̽͒͝e̒̚k̈́͑a,Blue,110,
568,214,2,tnt,Blue,152,
573,218,185,Kvd💡,Red,20,
574,218,187,zell,Blue,50,
575,218,40, ,Blue,95,
576,218,40, ,Blue,125,
577,220,2,tnt,Blue,10,
578,220,40, ,Blue,31,
579,220,2,tnt,Blue,78,
580,221,187,zell,Blue,61,
581,221,40, ,Blue,75,
582,221,185,Kvd💡,Red,90,
583,221,186,'justice.,Red,98,
584,221,186,'justice.,Blue,107,
585,222,2,tnt,Blue,19,
586,222,187,zell,Red,24,
587,222,190,Robinho ,Blue,39,
588,222,2,tnt,Red,74,
589,222,190,Robinho ,Blue,109,
590,223,185,Kvd💡,Red,73,
591,223,190,Robinho ,Blue,92,
592,223,185,Kvd💡,Red,94,
593,223,187,zell,Blue,111,
594,223,185,Kvd💡,Red,135,
595,224,187,zell,Blue,19,
596,224,191,Matias Barbero,Blue,44,
597,224,191,Matias Barbero,Blue,63,
622,237,2,tnt,Blue,52,
623,237,200,juanchope,Blue,101,
624,237,202,dezza,Red,113,
625,237,2,tnt,Red,140,
626,237,200,juanchope,Blue,158,
627,239,206,czc,Blue,56,
628,239,199,!    𝕒𝕣𝕚𝕤𝕥𝕠 ¿?    ,Blue,71,
629,239,200,juanchope,Blue,78,
630,240,206,czc,Red,8,
631,240,198,styx,Blue,104,
632,240,198,styx,Blue,144,
633,240,199,!    𝕒𝕣𝕚𝕤𝕥𝕠 ¿?    ,Red,156,
634,240,200,juanchope,Red,185,
635,241,198,styx,Blue,114,
636,241,201,judas,Blue,149,
637,241,199,!    𝕒𝕣𝕚𝕤𝕥𝕠 ¿?    ,Blue,177,
638,242,31,favaloro1,Blue,161,
639,243,209,THIAGO,Red,7,
640,243,209,THIAGO,Red,27,
641,243,209,THIAGO,Red,32,
642,244,208,Penjamin de los Tussi,Red,19,
643,244,198,styx,Blue,136,
644,244,31,favaloro1,Red,152,
645,244,210,Wanchope,Red,155,
646,245,209,THIAGO,Red,7,
647,245,199,!    𝕒𝕣𝕚𝕤𝕥𝕠 ¿?    ,Red,13,
648,245,209,THIAGO,Red,57,
649,246,199,!    𝕒𝕣𝕚𝕤𝕥𝕠 ¿?    ,Red,74,
650,246,212,ᴇsᴛᴇʙᴀɴ ʀᴏʟᴏɴ,Blue,81,
651,246,201,judas,Red,99,
652,246,201,judas,Red,103,
653,247,212,ᴇsᴛᴇʙᴀɴ ʀᴏʟᴏɴ,Red,87,
654,247,201,judas,Blue,125,
655,247,212,ᴇsᴛᴇʙᴀɴ ʀᴏʟᴏɴ,Red,182,
656,248,199,!    𝕒𝕣𝕚𝕤𝕥𝕠 ¿?    ,Red,65,
657,248,2,tnt,Red,87,
658,248,199,!    𝕒𝕣𝕚𝕤𝕥𝕠 ¿?    ,Red,125,
659,249,199,!    𝕒𝕣𝕚𝕤𝕥𝕠 ¿?    ,Red,7,
660,249,201,judas,Red,32,
661,249,210,Wanchope,Red,101,
662,250,216,todasbutas,Red,54,
663,250,210,Wanchope,Red,116,
664,250,210,Wanchope,Red,157,
665,251,215,furpo,Blue,22,
666,251,201,judas,Blue,49,
667,251,210,Wanchope,Blue,169,
668,252,198,styx,Blue,41,
669,252,199,!    𝕒𝕣𝕚𝕤𝕥𝕠 ¿?    ,Blue,156,
670,252,199,!    𝕒𝕣𝕚𝕤𝕥𝕠 ¿?    ,Blue,165,
671,253,215,furpo,Blue,102,
672,253,199,!    𝕒𝕣𝕚𝕤𝕥𝕠 ¿?    ,Blue,150,
673,253,215,furpo,Blue,153,
674,254,219,Mr Niggaga (retirado),Red,54,
675,254,219,Mr Niggaga (retirado),Red,67,
676,254,201,judas,Red,157,
680,256,201,judas,Blue,39,
681,256,218,· Galoppo ·,Blue,102,
682,257,2,tnt,Blue,40,
686,262,223,Tony Frost,Red,113,
687,262,40, ,Blue,118,
688,262,223,Tony Frost,Red,327,
689,263,222,Mateo Silvetti,Red,83,
690,263,40, ,Blue,89,
691,263,40, ,Blue,152,
692,264,225,fka,Blue,17,
693,264,227,u,Blue,78,
694,264,228,toto,Red,143,
695,264,221,Ale(mc),Blue,161,
696,266,228,toto,Blue,24,
697,267,226,Radix,Red,67,
698,267,221,Ale(mc),Blue,165,
699,267,230,Chila,Blue,204,
700,268,233,ᴘᴇᴘᴇ,Blue,78,
701,270,236,𝖑𝖆𝖚𝖙𝖎𝖇𝖗𝖔,Blue,153,
702,271,228,toto,Blue,77,
703,271,239,"elcolmo""",Blue,129,
704,271,233,ᴘᴇᴘᴇ,Red,177,
705,272,236,𝖑𝖆𝖚𝖙𝖎𝖇𝖗𝖔,Red,20,
706,272,229,gregorio fortnite,Red,36,
707,272,229,gregorio fortnite,Blue,98,
708,272,226,Radix,Blue,113,
709,272,229,gregorio fortnite,Red,200,
710,273,243,cafe,Red,60,
711,273,243,cafe,Red,154,
712,274,229,gregorio fortnite,Red,17,
713,274,2,tnt,Red,92,
714,274,226,Radix,Red,105,
715,275,238,gardelinho,Blue,32,
716,275,243,cafe,Red,61,
717,275,238,gardelinho,Blue,68,
718,275,243,cafe,Red,97,
719,275,243,cafe,Red,116,
720,276,2,tnt,Red,57,
721,276,228,toto,Blue,78,
722,276,226,Radix,Blue,84,
723,276,246,Ceba,Blue,132,
724,277,238,gardelinho,Red,22,
725,277,226,Radix,Blue,28,
726,277,2,tnt,Red,85,
727,277,238,gardelinho,Blue,90,
728,277,226,Radix,Blue,182,
732,279,243,cafe,Blue,165,
733,281,252,Carlitos Palacios,Blue,13,
734,281,238,gardelinho,Red,26,
735,281,252,Carlitos Palacios,Blue,119,
736,281,249,‍kidd,Red,127,
737,281,251,Kiy,Blue,140,
738,282,246,Ceba,Red,267,
739,284,257,b3nj4m1n,Red,141,
740,285,109,Ema,Blue,27,
741,286,252,Carlitos Palacios,Blue,53,
742,286,260,Gula,Blue,77,
743,286,260,Gula,Blue,85,
744,287,263,el ultimo 86,Red,14,
745,287,263,el ultimo 86,Red,46,
746,287,261,ELmaczy4,Red,62,
747,288,255,⚡,Blue,47,
748,288,252,Carlitos Palacios,Red,71,
749,288,2,tnt,Blue,110,
750,288,257,b3nj4m1n,Red,118,
751,288,2,tnt,Blue,135,
752,289,260,Gula,Blue,21,
753,289,265,CHANCHOPE,Red,28,
754,289,260,Gula,Red,80,
755,289,252,Carlitos Palacios,Red,143,
756,290,252,Carlitos Palacios,Red,37,
757,290,255,⚡,Red,47,
758,290,109,Ema,Red,71,
759,291,255,⚡,Red,62,
760,291,260,Gula,Red,154,
761,291,260,Gula,Red,157,
762,292,263,el ultimo 86,Blue,143,
763,292,109,Ema,Red,155,
764,292,109,Ema,Red,219,
765,294,109,Ema,Red,14,
766,294,40, ,Blue,48,
767,294,40, ,Red,58,
768,294,261,ELmaczy4,Red,153,
769,295,273,Salmón 🐟,Red,8,
782,301,275,upamecago.,Blue,117,
783,301,277,Cc,Red,168,
784,301,40, ,Red,182,
785,302,40, ,Red,19,
786,302,277,Cc,Red,42,
787,302,275,upamecago.,Blue,70,
794,307,285,SAMIR-ESKIMAL,Blue,7,
795,307,286,batipibe,Red,119,
796,307,287,kaka',Blue,153,
797,307,288,Lamine Yamal,Blue,159,
798,308,288,Lamine Yamal,Blue,60,
799,308,290,gOdblEss',Red,66,
800,308,283,TONAS CON THANOS,Red,106,
801,308,286,batipibe,Blue,117,
802,308,289,Manuu,Red,180,
803,309,290,gOdblEss',Red,183,
804,311,286,batipibe,Red,18,
805,311,288,Lamine Yamal,Red,128,
806,312,290,gOdblEss',Blue,59,
807,312,285,SAMIR-ESKIMAL,Red,116,
808,312,289,Manuu,Blue,149,
809,312,292,Francescoli,Blue,175,
810,313,293,Seek,Blue,7,
811,314,286,batipibe,Blue,36,
812,314,294,dibu martinez,Blue,44,
813,315,297,Tortuga🐢,Red,8,
814,315,285,SAMIR-ESKIMAL,Red,35,
815,315,285,SAMIR-ESKIMAL,Blue,106,
816,316,297,Tortuga🐢,Blue,55,
817,316,292,Francescoli,Blue,173,
818,318,285,SAMIR-ESKIMAL,Red,36,
819,318,292,Francescoli,Blue,87,
820,318,286,batipibe,Blue,138,
821,318,2,tnt,Red,149,
822,318,299,Uber manija (BOL),Blue,159,
823,319,286,batipibe,Blue,24,
824,319,292,Francescoli,Blue,33,
825,319,285,SAMIR-ESKIMAL,Red,154,
826,319,286,batipibe,Blue,162,
827,320,285,SAMIR-ESKIMAL,Red,20,
828,320,286,batipibe,Red,73,
829,320,296,Juaniperlender,Blue,115,
830,320,296,Juaniperlender,Blue,136,
831,320,285,SAMIR-ESKIMAL,Red,147,
832,322,285,SAMIR-ESKIMAL,Blue,87,
833,322,297,Tortuga🐢,Red,152,
834,322,40, ,Red,156,
835,323,304,ErikSsj,Red,152,
836,323,303,norun ,Red,171,
837,324,285,SAMIR-ESKIMAL,Blue,15,
838,324,297,Tortuga🐢,Red,156,
839,324,305,tronquito,Blue,195,
840,325,308,Maxi,Red,13,
841,325,297,Tortuga🐢,Blue,132,
842,325,305,tronquito,Blue,159,
843,325,298,nari,Blue,167,
844,326,285,SAMIR-ESKIMAL,Red,7,
845,327,297,Tortuga🐢,Blue,82,
846,327,309,Fattori,Blue,100,
847,327,2,tnt,Blue,109,
848,328,310,Modric,Blue,35,
849,328,2,tnt,Blue,43,
850,328,285,SAMIR-ESKIMAL,Blue,87,
851,329,303,norun ,Blue,72,
852,329,309,Fattori,Blue,76,
853,329,285,SAMIR-ESKIMAL,Blue,78,
864,335,312,bola de fraile,Blue,125,
865,335,312,bola de fraile,Blue,173,
866,337,2,tnt,Red,14,
867,338,311,/b0n3l,Red,20,
868,338,311,/b0n3l,Red,23,
869,338,2,tnt,Blue,36,
870,338,2,tnt,Red,75,
871,339,314,ap10,Blue,28,
872,340,313,asphyxia,Blue,6,
873,340,292,Francescoli,Red,13,
874,340,292,Francescoli,Blue,50,
875,340,292,Francescoli,Blue,54,
878,345,321,jubilado justiciero cabj,Blue,21,
879,345,319,𝐊𝐈𝐒𝐇𝐋𝐀𝐊🐐™,Blue,131,
880,345,2,tnt,Red,143,
881,346,319,𝐊𝐈𝐒𝐇𝐋𝐀𝐊🐐™,Red,41,
882,346,318,spooky,Blue,135,
883,346,318,spooky,Blue,173,
884,347,325,WAFRKAHJOF,Red,37,
885,348,329,R,Blue,48,
886,348,326,G̴ilberto ꜱilva,Blue,75,
887,348,328,𝓒𝓱𝓲𝓮𝓼𝓪 ✠ 𝐒𝐂,Blue,171,
888,349,2,tnt,Blue,76,
889,349,329,R,Blue,97,
890,349,2,tnt,Red,140,
891,349,328,𝓒𝓱𝓲𝓮𝓼𝓪 ✠ 𝐒𝐂,Blue,172,
898,355,329,R,Blue,10,
899,355,323,adam,Red,74,
900,355,323,adam,Red,104,
901,355,334,Alemania,Blue,138,
902,355,323,adam,Red,164,
903,356,323,adam,Red,42,
904,356,325,WAFRKAHJOF,Red,157,
905,356,336,colo(noprime),Red,168,
906,357,323,adam,Red,54,
907,357,338,kota,Red,90,
908,357,339,Tilo,Blue,140,
909,357,323,adam,Red,170,
910,358,334,Alemania,Red,69,
911,358,339,Tilo,Red,94,
912,358,337,licha,Red,119,
913,360,337,licha,Red,28,
914,360,339,Tilo,Blue,92,
915,360,2,tnt,Red,108,
916,360,337,licha,Red,171,
917,361,323,adam,Blue,65,
918,361,337,licha,Red,99,
919,361,325,WAFRKAHJOF,Red,142,
920,363,337,licha,Red,71,
921,363,325,WAFRKAHJOF,Red,90,
922,363,323,adam,Blue,173,
923,364,323,adam,Blue,57,
924,364,346,neymarcinho,Red,118,
925,364,336,colo(noprime),Blue,156,
926,367,346,neymarcinho,Red,213,
927,369,323,adam,Red,18,
928,369,323,adam,Red,31,
929,369,336,colo(noprime),Red,49,
930,370,323,adam,Red,22,
931,370,350,Augus,Blue,27,
932,370,349,dt con cara de culo,Red,43,
933,371,351,virgen van gay,Red,21,
934,371,336,colo(noprime),Red,41,
935,371,325,WAFRKAHJOF,Blue,51,
936,372,352,ronaldo 9,Red,3,
937,372,352,ronaldo 9,Red,11,
938,372,350,Augus,Blue,14,
939,372,288,Lamine Yamal,Red,16,
940,373,351,virgen van gay,Red,13,
941,373,349,dt con cara de culo,Blue,59,
942,373,346,neymarcinho,Red,73,
943,373,349,dt con cara de culo,Red,93,
944,374,350,Augus,Red,47,
945,374,353,pxx!,Blue,97,
946,374,353,pxx!,Blue,102,
947,374,288,Lamine Yamal,Red,131,
948,374,353,pxx!,Blue,142,
949,375,350,Augus,Red,21,
950,375,346,neymarcinho,Blue,44,
951,375,2,tnt,Blue,170,
952,376,350,Augus,Red,3,
953,376,350,Augus,Red,28,
954,376,336,colo(noprime),Blue,153,
955,376,350,Augus,Red,163,
956,378,353,pxx!,Blue,8,
957,378,346,neymarcinho,Red,48,
958,378,336,colo(noprime),Blue,85,
959,378,346,neymarcinho,Blue,138,
960,379,356,rulyy,Blue,75,
961,379,356,rulyy,Red,85,
962,379,356,rulyy,Blue,96,
963,379,354,FLISHGOD,Red,108,
964,379,2,tnt,Blue,174,
965,380,351,virgen van gay,Blue,4,
966,380,357,vardy its now,Blue,60,
967,380,336,colo(noprime),Blue,70,
968,381,351,virgen van gay,Red,75,
969,381,351,virgen van gay,Blue,96,
970,381,357,vardy its now,Red,185,
971,382,350,Augus,Red,24,
972,382,357,vardy its now,Red,54,
973,382,2,tnt,Red,89,
984,389,365,lucia morganti,Red,25,
985,389,365,lucia morganti,Red,36,
986,389,361,SOY NUEVO,Blue,48,
987,389,2,tnt,Blue,154,
988,389,365,lucia morganti,Blue,214,
989,390,366,Iker Muniagod 🎩,Red,19,
990,390,157,sacachispas,Blue,97,
991,390,365,lucia morganti,Red,163,
992,390,365,lucia morganti,Blue,174,
993,390,367,wanchope32,Blue,211,
994,392,362,tetunisspa,Blue,27,
995,392,365,lucia morganti,Red,41,
996,392,362,tetunisspa,Blue,61,
997,392,368,noce,Blue,78,
998,393,368,noce,Red,16,
999,394,362,tetunisspa,Blue,41,
1000,394,364,shakaa,Blue,64,
1001,394,367,wanchope32,Blue,137,
1002,395,157,sacachispas,Blue,134,
1003,396,2,tnt,Red,175,
1004,397,374,tyk,Red,32,
1005,397,372,Morganti JR,Red,137,
1006,397,157,sacachispas,Red,176,
1007,398,365,lucia morganti,Blue,41,
1008,398,2,tnt,Red,90,
1009,398,2,tnt,Red,278,
1010,399,365,lucia morganti,Blue,203,
1011,400,365,lucia morganti,Blue,15,
1012,400,2,tnt,Blue,162,
1013,402,380,𝒄𝒉𝒆𝒌𝒆𝒓,Blue,119,
1014,403,376,Donador,Blue,6,
1015,403,373,Tacle ,Blue,44,
1016,403,376,Donador,Blue,57,
1017,404,2,tnt,Blue,120,
1018,404,375,wz,Red,130,
1019,404,380,𝒄𝒉𝒆𝒌𝒆𝒓,Blue,214,
1020,406,373,Tacle ,Blue,14,
1021,406,373,Tacle ,Blue,144,
1022,406,375,wz,Red,151,
1023,406,376,Donador,Blue,165,
1024,407,376,Donador,Blue,98,
1025,407,373,Tacle ,Blue,178,
1026,408,375,wz,Red,11,
1027,408,387,𝙍𝙮𝙪𝙨𝙚𝙞 𝙎𝙝𝙞𝙙𝙤𝙪,Blue,42,
1028,408,391,𝐹𝑒𝓇𝓏𝒽𝒾,Blue,152,
1029,409,373,Tacle ,Blue,54,
1030,409,376,Donador,Blue,110,
1031,409,376,Donador,Blue,133,
1032,410,389,kick.com/fraan_akd,Blue,182,
1033,411,394,DI MARIA,Blue,2,
1034,412,394,DI MARIA,Red,100,
1035,413,375,wz,Blue,52,
1036,413,394,DI MARIA,Blue,92,
1037,413,373,Tacle ,Red,100,
1038,413,373,Tacle ,Red,171,
1039,413,399,martieeeen,Red,256,
1040,416,375,wz,Blue,11,
1041,416,403,TONKA,Red,62,
1042,416,373,Tacle ,Red,94,
1043,416,393,PRIMACIO,Red,118,
1044,417,373,Tacle ,Red,42,
1045,417,400,aloRoman,Blue,56,
1046,417,399,martieeeen,Red,71,
1047,417,399,martieeeen,Red,98,
1048,418,393,PRIMACIO,Red,22,
1049,418,400,aloRoman,Red,136,
1050,418,373,Tacle ,Red,179,
1051,419,375,wz,Blue,23,
1052,419,375,wz,Blue,161,
1053,419,406,ttomas,Blue,179,
1054,420,399,martieeeen,Red,28,
1055,420,399,martieeeen,Red,42,
1056,420,373,Tacle ,Red,53,
1057,421,393,PRIMACIO,Red,62,
1058,421,373,Tacle ,Blue,69,
1059,421,399,martieeeen,Blue,91,
1060,421,400,aloRoman,Blue,120,
1061,422,2,tnt,Red,87,
1062,422,399,martieeeen,Blue,152,
1063,422,2,tnt,Red,288,
1064,423,2,tnt,Blue,27,
1065,423,406,ttomas,Blue,66,
1068,427,412,ElGatoDelLeon,Red,78,
1069,428,409,tonkita,Red,109,
1070,429,419,baller.,Red,39,
1071,430,420,Y,Red,29,
1072,430,411,Adoquín,Blue,53,
1073,430,420,Y,Red,177,
1074,432,423,Chris Wood,Blue,60,
1075,432,419,baller.,Blue,68,
1076,432,409,tonkita,Blue,149,
1077,433,424,pedro.,Blue,18,
1078,433,411,Adoquín,Red,54,
1079,433,410,💛𝓡𝓒💙,Red,68,
1080,433,40, ,Blue,109,
1081,433,425,POIL,Blue,176,
1082,434,419,baller.,Blue,64,
1083,434,2,tnt,Blue,164,
1084,435,425,POIL,Red,34,
1085,435,410,💛𝓡𝓒💙,Blue,86,
1086,435,419,baller.,Red,108,
1087,435,424,pedro.,Red,124,
1088,436,419,baller.,Red,158,
1089,437,410,💛𝓡𝓒💙,Blue,18,
1090,437,411,Adoquín,Red,147,
1091,437,419,baller.,Red,163,
1092,438,428,camiibrz<3,Red,45,
1093,438,411,Adoquín,Red,57,
1094,438,433,pikete7,Red,88,
1095,440,410,💛𝓡𝓒💙,Blue,15,
1096,440,419,baller.,Blue,66,
1097,440,411,Adoquín,Red,71,
1098,440,411,Adoquín,Red,90,
1099,440,433,pikete7,Blue,194,
1100,441,433,pikete7,Blue,25,
1101,441,433,pikete7,Blue,35,
1102,441,2,tnt,Blue,64,
1127,456,440,Salasgoat,Blue,20,
1128,456,440,Salasgoat,Red,39,
1129,456,440,Salasgoat,Red,131,
1130,456,440,Salasgoat,Blue,147,
1131,456,445,Batipibe,Blue,243,
1132,457,329,R,Blue,44,
1133,457,441,Mancoconlag,Blue,84,
1134,457,441,Mancoconlag,Blue,89,
1135,459,443,marto,Red,49,
1136,459,440,Salasgoat,Blue,75,
1137,459,445,Batipibe,Blue,108,
1138,459,443,marto,Blue,124,
1139,460,443,marto,Red,71,
1140,461,440,Salasgoat,Red,41,
1141,461,445,Batipibe,Red,70,
1142,461,451,bruwu carp,Blue,129,
1143,461,443,marto,Red,160,
1144,462,440,Salasgoat,Red,7,
1149,464,447,matt,Red,37,
1150,465,447,matt,Red,20,
1151,465,444,mortadela,Red,54,
1152,465,444,mortadela,Blue,155,
1153,465,440,Salasgoat,Blue,168,
1154,465,443,marto,Red,177,
1155,466,447,matt,Blue,3,
1156,467,444,mortadela,Blue,64,
1157,467,436,pepe Sandalia,Blue,83,
1158,467,436,pepe Sandalia,Red,109,
1159,467,440,Salasgoat,Red,118,
1170,478,460,watafak,Red,21,
1171,478,454,ftc 10,Blue,54,
1172,478,454,ftc 10,Blue,62,
1173,478,457,0-600,Red,86,
1174,478,459,Yeezy,Red,130,
1193,487,464,Seya💦,Red,19,
1194,487,475,Salteado,Red,65,
1195,487,473,lem,Red,70,
1196,488,472,L.Paredes,Blue,37,
1197,488,473,lem,Blue,57,
1198,488,473,lem,Blue,67,
1209,492,480,asd,Blue,36,
1210,492,475,Salteado,Blue,47,
1211,492,481,pollo,Red,96,
1212,492,2,tnt,Blue,131,
1213,494,482,Chozen Toguchi,Red,15,
1214,494,480,asd,Blue,57,
1215,494,481,pollo,Blue,65,
1216,494,479,CHORO VERUDRA,Red,74,
1217,494,479,CHORO VERUDRA,Blue,94,
1218,495,486,  🥶,Blue,63,
1219,495,484,MysticKID,Blue,97,
1220,495,481,pollo,Blue,106,
1221,496,486,  🥶,Red,16,
1222,496,490,el papu,Blue,70,
1223,496,491,𝘯𝘢𝘳𝘪,Red,127,
1224,496,480,asd,Blue,140,
1225,496,480,asd,Blue,191,
1226,497,493,Giovannii,Blue,26,
1227,497,493,Giovannii,Blue,47,
1228,497,492,duko,Red,58,
1229,497,487,RiGi,Red,80,
1230,497,480,asd,Blue,154,
1231,500,480,asd,Red,34,
1232,500,491,𝘯𝘢𝘳𝘪,Blue,104,
1233,500,480,asd,Blue,173,
1234,501,480,asd,Blue,8,
1235,501,480,asd,Red,20,
1236,501,495,li(¿ֶָ֢,Red,36,
1237,501,493,Giovannii,Red,52,
1238,502,492,duko,Blue,9,
1239,502,497,lx ;),Blue,24,
1240,502,496,Podolski,Blue,71,
1249,507,501,Gas,Blue,153,
1250,507,493,Giovannii,Blue,172,
1252,510,501,Gas,Blue,20,
1253,510,493,Giovannii,Red,61,
1254,510,501,Gas,Red,119,
1255,510,502,Rakataka,Red,178,
1262,514,506,Ian_xtr (soy nuevo),Blue,62,
1263,514,506,Ian_xtr (soy nuevo),Blue,73,
1264,514,510,gaspar,Blue,154,
1265,515,500,VALEN,Blue,36,
1266,515,509,Toure Yaya,Red,70,
1267,515,502,Rakataka,Red,85,
1268,515,513,cole palmer,Blue,176,
1269,515,512,Shouu Maybank,Red,319,
1270,517,510,gaspar,Blue,60,
1271,517,510,gaspar,Blue,123,
1272,517,512,Shouu Maybank,Red,143,
1273,517,512,Shouu Maybank,Red,155,
1274,517,513,cole palmer,Blue,165,
1275,518,516,k̶r̶x̶,Red,72,
1276,518,518,ωнαρρєη∂' ,Red,78,
1277,518,463,aranda,Blue,152,
1278,518,518,ωнαρρєη∂' ,Blue,171,
1279,518,502,Rakataka,Blue,206,
1280,522,513,cole palmer,Red,37,
1281,522,513,cole palmer,Red,45,
1282,522,516,k̶r̶x̶,Blue,77,
1283,522,451,bruwu carp,Blue,146,
1284,522,512,Shouu Maybank,Blue,154,
1285,523,513,cole palmer,Blue,134,
1286,523,513,cole palmer,Blue,154,
1287,524,511,Feli,Blue,4,
1288,524,522,westside gunn.,Red,62,
1289,524,451,bruwu carp,Red,89,
1290,524,521,cristobal colón,Blue,132,
1291,524,521,cristobal colón,Blue,158,
1292,525,513,cole palmer,Red,23,
1293,525,522,westside gunn.,Red,129,
1294,525,527,pp,Blue,149,
1295,527,527,pp,Blue,66,
1296,527,521,cristobal colón,Red,107,
1297,527,527,pp,Blue,118,
1298,527,513,cole palmer,Red,143,
1299,527,521,cristobal colón,Red,164,
1300,528,513,cole palmer,Red,80,
1313,540,538,coco roman,Red,59,
1314,540,534,¿lamine yamal?,Red,163,
1315,541,541,Primate,Red,18,
1316,542,544,elocobarney ,Red,2,
1317,542,539,Gustavo Cerati ,Blue,6,
1318,542,539,Gustavo Cerati ,Red,30,
1319,542,535,TUKU,Blue,82,
1432,603,597,yegua ,Red,20,2025-08-11 17:30:48.114
1320,542,542,𝟐𝟑𝐫𝐨𝐦𝐚𝐧(volviendo),Red,98,
1321,543,539,Gustavo Cerati ,Red,101,
1322,543,534,¿lamine yamal?,Red,103,
1323,543,537,pijacorta,Red,150,
1324,544,2,tnt,Blue,30,
1325,544,539,Gustavo Cerati ,Blue,168,
1326,545,548,POMELO,Blue,266,
1327,547,537,pijacorta,Red,170,
1328,547,539,Gustavo Cerati ,Red,175,
1329,549,553,TioRico,Red,337,
1330,550,556,pity,Red,100,
1331,550,553,TioRico,Red,171,
1332,551,553,TioRico,Red,19,
1333,551,553,TioRico,Red,44,
1334,551,2,tnt,Blue,113,
1335,551,537,pijacorta,Red,162,
1336,552,555,ya tu jae qiene somo,Red,213,
1337,553,561,oktagon,Red,18,
1338,553,561,oktagon,Red,30,
1339,556,551,𝓹𝓸𝓻𝓸𝓷𝓰𝓸𝓵.,Blue,155,
1340,556,551,𝓹𝓸𝓻𝓸𝓷𝓰𝓸𝓵.,Blue,172,
1341,557,558,testiculoquemado,Red,12,
1342,557,542,𝟐𝟑𝐫𝐨𝐦𝐚𝐧(volviendo),Blue,25,
1343,557,562,maticarp,Red,329,
1344,558,564,ibes,Red,30,
1345,558,529,dea,Red,73,
1346,558,562,maticarp,Red,104,
1347,560,2,tnt,Red,10,
1348,560,564,ibes,Blue,61,
1349,560,542,𝟐𝟑𝐫𝐨𝐦𝐚𝐧(volviendo),Blue,92,
1350,560,2,tnt,Red,118,
1354,572,576,Dios te ama acepta a dios,Red,21,2025-08-11 16:21:06.916
1355,573,579,Cristiano Ronaldo,Red,6,2025-08-11 16:21:17.694
1356,573,577,naza,Red,26,2025-08-11 16:21:43.545
1357,573,577,naza,Red,67,2025-08-11 16:22:29.762
1358,574,577,naza,Blue,62,2025-08-11 16:23:50.738
1359,574,578,click clack,Blue,70,2025-08-11 16:24:03.981
1360,574,578,click clack,Blue,136,2025-08-11 16:25:15.306
1361,575,573,    ,Blue,33,2025-08-11 16:26:04.816
1362,575,583,cz,Blue,54,2025-08-11 16:26:32.271
1363,575,582,marmaja,Blue,111,2025-08-11 16:27:35.347
1364,576,573,    ,Red,8,2025-08-11 16:28:02.514
1365,577,2,tnt,Blue,104,2025-08-11 16:29:58.422
1366,577,580,mecha,Red,161,2025-08-11 16:31:02.257
1367,577,580,mecha,Red,192,2025-08-11 16:31:39.291
1368,578,210,Wanchope,Red,14,2025-08-11 16:32:11.208
1369,578,583,cz,Blue,30,2025-08-11 16:32:32.438
1370,578,210,Wanchope,Red,33,2025-08-11 16:32:42.246
1371,578,580,mecha,Red,95,2025-08-11 16:33:51.982
1372,579,588,ciro messi,Red,7,2025-08-11 16:34:19.738
1373,579,574,Désiré Doué,Red,88,2025-08-11 16:35:47.360
1374,579,574,Désiré Doué,Red,94,2025-08-11 16:35:58.468
1375,580,210,Wanchope,Red,18,2025-08-11 16:36:33.640
1376,580,580,mecha,Red,30,2025-08-11 16:36:52.429
1377,580,580,mecha,Blue,84,2025-08-11 16:37:51.491
1378,580,584,gersainacham,Blue,167,2025-08-11 16:39:27.409
1379,580,574,Désiré Doué,Red,246,2025-08-11 16:40:51.921
1380,582,573,    ,Red,17,2025-08-11 16:41:40.564
1381,582,590,Tha,Red,132,2025-08-11 16:43:47.014
1382,582,580,mecha,Red,146,2025-08-11 16:44:09.070
1383,584,573,    ,Blue,9,2025-08-11 16:44:43.437
1384,584,593,bilardito,Red,44,2025-08-11 16:45:28.244
1385,584,2,tnt,Blue,144,2025-08-11 16:47:13.289
1388,586,593,bilardito,Red,14,2025-08-11 16:49:53.655
1389,586,584,gersainacham,Red,34,2025-08-11 16:50:18.956
1390,586,591,lau,Red,42,2025-08-11 16:50:32.748
1391,588,599,el ultimo 10,Blue,17,2025-08-11 16:51:09.616
1392,588,597,yegua ,Blue,100,2025-08-11 16:52:39.182
1393,588,584,gersainacham,Blue,102,2025-08-11 16:52:47.372
1394,589,573,    ,Red,16,2025-08-11 16:53:19.731
1395,589,600,BoomBoomKid,Blue,38,2025-08-11 16:53:47.229
1396,589,600,BoomBoomKid,Blue,45,2025-08-11 16:54:02.280
1397,589,573,    ,Blue,54,2025-08-11 16:54:16.932
1398,591,598,JusticiaSocial,Red,12,2025-08-11 16:54:46.511
1399,591,597,yegua ,Blue,35,2025-08-11 16:55:16.123
1400,591,597,yegua ,Blue,99,2025-08-11 16:56:27.860
1401,591,601,Zcinka,Blue,168,2025-08-11 16:57:41.537
1402,592,599,el ultimo 10,Blue,13,2025-08-11 16:58:14.838
1403,592,599,el ultimo 10,Blue,92,2025-08-11 16:59:40.148
1404,592,574,Désiré Doué,Red,126,2025-08-11 17:00:20.132
1405,592,2,tnt,Blue,134,2025-08-11 17:00:35.618
1406,593,574,Désiré Doué,Blue,127,2025-08-11 17:02:57.013
1407,594,584,gersainacham,Blue,84,2025-08-11 17:05:50.392
1408,594,597,yegua ,Red,94,2025-08-11 17:06:06.608
1409,594,603,Kevin lomonaco ,Blue,105,2025-08-11 17:06:23.239
1410,594,601,Zcinka,Red,113,2025-08-11 17:06:37.107
1411,594,603,Kevin lomonaco ,Blue,130,2025-08-11 17:06:59.831
1412,595,603,Kevin lomonaco ,Red,9,2025-08-11 17:07:25.602
1413,595,574,Désiré Doué,Blue,54,2025-08-11 17:08:17.028
1414,595,601,Zcinka,Red,125,2025-08-11 17:09:36.327
1415,595,574,Désiré Doué,Blue,145,2025-08-11 17:10:03.215
1416,595,599,el ultimo 10,Red,308,2025-08-11 17:12:53.647
1417,596,605,coligordas,Red,113,2025-08-11 17:15:00.992
1418,597,2,tnt,Red,6,2025-08-11 17:16:59.450
1419,597,603,Kevin lomonaco ,Red,21,2025-08-11 17:17:20.983
1420,597,599,el ultimo 10,Red,110,2025-08-11 17:18:58.010
1421,598,605,coligordas,Red,41,2025-08-11 17:19:55.497
1422,598,574,Désiré Doué,Red,86,2025-08-11 17:20:48.237
1423,598,603,Kevin lomonaco ,Blue,157,2025-08-11 17:22:06.031
1424,599,609,@yvng.orli,Blue,35,2025-08-11 17:23:23.472
1425,599,603,Kevin lomonaco ,Blue,44,2025-08-11 17:23:40.378
1426,599,603,Kevin lomonaco ,Blue,66,2025-08-11 17:24:11.069
1427,601,2,tnt,Red,12,2025-08-11 17:24:42.945
1428,601,610,neymal,Red,29,2025-08-11 17:25:04.924
1429,601,609,@yvng.orli,Red,130,2025-08-11 17:26:51.682
1430,602,574,Désiré Doué,Blue,82,2025-08-11 17:28:25.736
1431,603,605,coligordas,Red,14,2025-08-11 17:30:37.308
1433,603,597,yegua ,Red,85,2025-08-11 17:31:59.487
1434,605,574,Désiré Doué,Blue,48,2025-08-11 17:33:53.354
1435,605,597,yegua ,Red,77,2025-08-11 17:34:27.888
1436,605,605,coligordas,Red,113,2025-08-11 17:35:17.524
1437,605,574,Désiré Doué,Red,135,2025-08-11 17:35:46.020
1446,613,620,Saka,Red,31,2025-08-12 22:56:59.827
1447,613,618,n0,Red,69,2025-08-12 22:57:43.195
1448,613,616,88,Blue,129,2025-08-12 22:58:50.379
1449,613,618,n0,Red,178,2025-08-12 22:59:44.213
1455,618,624,milo j,Blue,8,2025-08-12 23:03:18.187
1456,619,624,milo j,Blue,57,2025-08-12 23:04:58.649
1457,619,617,Facuuu,Red,71,2025-08-12 23:05:24.503
1458,619,622,𝐿𝒶𝓊𝓉𝓎 𝒜𝓎𝒶𝓁𝒶,Red,80,2025-08-12 23:05:40.546
1459,619,622,𝐿𝒶𝓊𝓉𝓎 𝒜𝓎𝒶𝓁𝒶,Red,136,2025-08-12 23:06:44.631
1460,620,620,Saka,Red,32,2025-08-12 23:07:34.166
1461,620,617,Facuuu,Blue,81,2025-08-12 23:08:28.984
1462,620,2,tnt,Red,103,2025-08-12 23:08:57.018
1463,620,626,Colo barco,Blue,149,2025-08-12 23:09:49.798
1464,620,621,chris,Blue,179,2025-08-12 23:10:26.273
1465,621,620,Saka,Red,27,2025-08-12 23:11:12.754
1466,621,621,chris,Blue,65,2025-08-12 23:11:57.607
1467,621,621,chris,Red,68,2025-08-12 23:12:10.780
1468,621,629,FloKenjifF~   ,Red,102,2025-08-12 23:12:51.570
1469,622,632,matei um,Blue,42,2025-08-12 23:13:49.141
1470,622,2,tnt,Red,47,2025-08-12 23:14:00.013
1471,622,632,matei um,Blue,136,2025-08-12 23:15:49.658
1472,623,630,Acavani,Red,51,2025-08-12 23:17:46.703
1473,623,627,𝖉𝖆𝖒 ,Blue,78,2025-08-12 23:18:19.172
1474,623,627,𝖉𝖆𝖒 ,Blue,134,2025-08-12 23:19:22.339
1475,623,631,Njasa,Red,158,2025-08-12 23:19:51.153
1476,623,624,milo j,Blue,195,2025-08-12 23:20:34.432
1477,625,621,chris,Red,15,2025-08-12 23:21:22.260
1478,625,634,Bruno,Red,21,2025-08-12 23:21:35.559
1479,625,635,🌪️𝘕𝘪🌪️,Red,25,2025-08-12 23:21:45.726
1480,627,624,milo j,Blue,13,2025-08-12 23:22:28.886
1481,627,627,𝖉𝖆𝖒 ,Blue,24,2025-08-12 23:22:47.748
1482,627,630,Acavani,Red,40,2025-08-12 23:23:10.689
1483,627,627,𝖉𝖆𝖒 ,Blue,155,2025-08-12 23:25:11.298
1484,628,2,tnt,Red,18,2025-08-12 23:25:47.593
1485,628,624,milo j,Blue,34,2025-08-12 23:26:08.900
1486,628,2,tnt,Blue,45,2025-08-12 23:26:26.802
1487,628,630,Acavani,Red,121,2025-08-12 23:27:48.058
1488,628,630,Acavani,Blue,136,2025-08-12 23:28:08.882
1489,629,2,tnt,Blue,39,2025-08-12 23:29:00.316
1490,629,630,Acavani,Red,46,2025-08-12 23:29:13.218
1491,629,634,Bruno,Red,102,2025-08-12 23:30:14.801
1492,631,639,Zampedri,Red,66,2025-08-12 23:33:06.829
1493,631,637,pappo,Blue,117,2025-08-12 23:34:07.703
1494,631,639,Zampedri,Blue,400,2025-08-12 23:38:59.422
1495,632,2,tnt,Blue,24,2025-08-12 23:39:47.919
1496,632,630,Acavani,Blue,128,2025-08-12 23:41:37.876
1497,632,636,elqleeeeeeee,Blue,145,2025-08-12 23:42:03.215
1503,637,631,Njasa,Blue,115,2025-08-12 23:50:02.626
1504,637,642,𝑟𝑖𝑞𝑢𝑒𝑙𝑚𝑒 🇮🇴🎩,Blue,178,2025-08-12 23:51:11.163
1509,639,642,𝑟𝑖𝑞𝑢𝑒𝑙𝑚𝑒 🇮🇴🎩,Blue,30,2025-08-12 23:54:37.457
1510,639,637,pappo,Blue,97,2025-08-12 23:55:58.544
1511,640,649,tomas(malardo),Red,58,2025-08-12 23:58:38.859
1512,640,646,ecko,Blue,93,2025-08-12 23:59:19.194
1513,640,648,Nazuuuu,Red,120,2025-08-12 23:59:50.747
1514,640,631,Njasa,Red,144,2025-08-13 00:00:23.867
1515,641,2,tnt,Blue,90,2025-08-13 00:02:09.181
1542,652,652,cisco!,Red,48,2025-08-18 19:43:40.149
1543,652,2,tnt,Blue,73,2025-08-18 19:44:10.306
1544,652,652,cisco!,Red,112,2025-08-18 19:44:54.325
1545,652,652,cisco!,Red,159,2025-08-18 19:45:47.292
1546,654,597,yegua ,Blue,13,2025-08-18 19:46:35.915
1547,654,597,yegua ,Red,30,2025-08-18 19:47:00.700
1548,655,656,cirmenr,Red,122,2025-08-18 19:49:14.315
1549,655,622,𝐿𝒶𝓊𝓉𝓎 𝒜𝓎𝒶𝓁𝒶,Red,142,2025-08-18 19:49:40.844
1550,656,597,yegua ,Red,37,2025-08-18 19:51:29.231
1551,656,659,Pedro.,Blue,51,2025-08-18 19:51:53.258
1552,656,659,Pedro.,Blue,59,2025-08-18 19:52:07.489
1553,656,660,belliboni,Blue,68,2025-08-18 19:52:21.877
1554,657,661,𝓥𝓸𝓶𝓫𝓮𝓻𝓰𝓪𝓻💣💣,Blue,54,2025-08-18 19:53:36.907
1555,657,662,fr,Blue,78,2025-08-18 19:54:08.192
1556,657,622,𝐿𝒶𝓊𝓉𝓎 𝒜𝓎𝒶𝓁𝒶,Red,90,2025-08-18 19:54:28.268
1557,657,2,tnt,Blue,125,2025-08-18 19:55:08.562
1558,658,660,belliboni,Blue,31,2025-08-18 19:55:51.093
1559,658,597,yegua ,Blue,39,2025-08-18 19:56:04.085
1560,658,655,"PISALA, amasala ",Blue,51,2025-08-18 19:56:21.990
1561,660,2,tnt,Blue,173,2025-08-18 19:59:34.648
1562,661,597,yegua ,Blue,19,2025-08-18 20:00:18.744
1563,661,597,yegua ,Blue,42,2025-08-18 20:00:47.157
1564,661,664,{,Blue,49,2025-08-18 20:00:59.031
1565,662,2,tnt,Red,66,2025-08-18 20:02:18.459
1566,662,597,yegua ,Red,125,2025-08-18 20:03:24.731
1567,662,2,tnt,Red,136,2025-08-18 20:03:42.284
1568,663,662,fr,Red,30,2025-08-18 20:04:25.563
1569,663,597,yegua ,Blue,79,2025-08-18 20:05:23.116
1570,663,662,fr,Red,114,2025-08-18 20:06:03.817
1571,663,655,"PISALA, amasala ",Blue,160,2025-08-18 20:06:55.092
1572,663,655,"PISALA, amasala ",Blue,167,2025-08-18 20:07:07.280
1573,664,2,tnt,Blue,59,2025-08-18 20:08:21.626
1574,664,662,fr,Red,71,2025-08-18 20:08:39.241
1575,664,664,{,Blue,92,2025-08-18 20:09:06.415
1576,664,666,huntr,Blue,111,2025-08-18 20:09:32.741
1577,665,659,Pedro.,Red,15,2025-08-18 20:10:02.119
1578,665,597,yegua ,Blue,21,2025-08-18 20:10:13.984
1579,665,668,el ultimo 10 ,Red,88,2025-08-18 20:11:26.999
1580,665,662,fr,Red,105,2025-08-18 20:11:52.269
1581,666,668,el ultimo 10 ,Red,7,2025-08-18 20:12:19.529
1582,666,597,yegua ,Blue,61,2025-08-18 20:13:24.414
1583,666,597,yegua ,Blue,82,2025-08-18 20:13:52.132
1584,666,597,yegua ,Blue,90,2025-08-18 20:14:05.544
1585,667,666,huntr,Blue,31,2025-08-18 20:14:50.645
1586,667,666,huntr,Red,45,2025-08-18 20:15:11.170
1587,667,667,four ,Red,65,2025-08-18 20:15:37.939
1588,667,597,yegua ,Blue,72,2025-08-18 20:15:49.784
1589,667,667,four ,Red,81,2025-08-18 20:16:05.257
1590,668,667,four ,Red,25,2025-08-18 20:16:45.978
1591,668,492,duko,Blue,54,2025-08-18 20:17:21.355
1592,668,659,Pedro.,Red,97,2025-08-18 20:18:09.699
1593,668,667,four ,Red,117,2025-08-18 20:18:36.891
1594,669,666,huntr,Blue,55,2025-08-18 20:19:40.779
1595,669,617,Facuuu,Red,76,2025-08-18 20:20:09.629
1596,669,617,Facuuu,Red,87,2025-08-18 20:20:28.085
1597,669,666,huntr,Blue,156,2025-08-18 20:21:46.751
1598,669,671,momo,Red,209,2025-08-18 20:22:44.566
1599,670,659,Pedro.,Blue,31,2025-08-18 20:23:23.435
1600,670,492,duko,Blue,157,2025-08-18 20:25:41.876
1606,672,8,Garro,Blue,22,2025-08-18 20:30:44.290
1607,672,671,momo,Red,35,2025-08-18 20:31:05.880
1608,672,617,Facuuu,Red,47,2025-08-18 20:31:24.184
1609,672,2,tnt,Blue,63,2025-08-18 20:31:49.512
1610,672,671,momo,Red,98,2025-08-18 20:32:34.916
1611,673,673,polilla de poliester,Red,19,2025-08-18 20:33:07.282
1612,673,673,polilla de poliester,Red,32,2025-08-18 20:33:26.931
1613,673,2,tnt,Blue,53,2025-08-18 20:34:01.518
1614,673,8,Garro,Red,70,2025-08-18 20:34:28.363
1615,674,674,%AppData%,Red,46,2025-08-18 20:35:28.253
1616,674,2,tnt,Blue,84,2025-08-18 20:36:12.097
1617,674,659,Pedro.,Red,95,2025-08-18 20:36:32.513
1618,674,2,tnt,Blue,114,2025-08-18 20:36:56.247
1619,674,674,%AppData%,Red,126,2025-08-18 20:37:14.650
1620,675,678,Linyera,Red,76,2025-08-18 20:38:42.822
1621,676,678,Linyera,Red,99,2025-08-18 20:41:15.175
1622,676,8,Garro,Red,114,2025-08-18 20:41:35.948
1623,676,492,duko,Red,159,2025-08-18 20:42:28.370
1624,677,676,P. aimar ,Red,2,2025-08-18 20:42:41.066
1625,678,676,P. aimar ,Red,6,2025-08-18 20:42:52.103
1626,678,8,Garro,Blue,8,2025-08-18 20:43:02.131
1627,678,8,Garro,Blue,21,2025-08-18 20:43:20.420
1628,678,674,%AppData%,Blue,70,2025-08-18 20:44:17.915
1629,679,677,el ogro fabian???,Blue,39,2025-08-18 20:45:06.348
1630,679,676,P. aimar ,Blue,87,2025-08-18 20:46:00.415
1631,679,679,Matihatesindichgesteckt,Blue,129,2025-08-18 20:46:48.399
1648,686,44,.,Red,37,2025-08-24 02:48:34.140
1649,686,684,paws,Blue,122,2025-08-24 02:50:04.444
1650,686,687,Camila,Red,128,2025-08-24 02:50:17.141
1655,690,687,Camila,Red,30,2025-08-24 02:53:38.936
1656,690,688,ᴸ̲ᴱ̲ᴼ̲,Blue,37,2025-08-24 02:53:56.136
1657,690,2,tnt,Red,66,2025-08-24 02:54:30.459
1658,690,687,Camila,Red,77,2025-08-24 02:54:49.505
1659,691,688,ᴸ̲ᴱ̲ᴼ̲,Blue,68,2025-08-24 02:56:03.931
1660,691,684,paws,Blue,77,2025-08-24 02:56:21.636
1661,692,687,Camila,Red,46,2025-08-24 02:59:08.740
1662,692,687,Camila,Red,131,2025-08-24 03:00:45.976
1663,692,44,.,Blue,132,2025-08-24 03:00:53.748
1664,692,684,paws,Red,149,2025-08-24 03:01:15.972
1665,693,689,pinga,Blue,55,2025-08-24 03:02:22.895
1666,693,689,pinga,Blue,93,2025-08-24 03:03:08.534
1667,693,479,CHORO VERUDRA,Blue,105,2025-08-24 03:03:25.393
1668,694,688,ᴸ̲ᴱ̲ᴼ̲,Blue,3,2025-08-24 03:03:46.301
1669,694,684,paws,Blue,50,2025-08-24 03:04:45.462
1670,694,2,tnt,Blue,111,2025-08-24 03:05:55.329
1671,695,691,joaco1121,Blue,29,2025-08-24 03:06:34.677
1672,695,690,anna,Blue,46,2025-08-24 03:06:58.155
1673,696,689,pinga,Blue,28,2025-08-24 03:07:51.259
1674,696,688,ᴸ̲ᴱ̲ᴼ̲,Red,69,2025-08-24 03:08:41.913
1675,696,689,pinga,Blue,107,2025-08-24 03:09:26.485
1676,698,2,tnt,Blue,23,2025-08-24 03:11:32.736
1677,698,684,paws,Blue,43,2025-08-24 03:11:57.680
1678,698,688,ᴸ̲ᴱ̲ᴼ̲,Red,46,2025-08-24 03:12:09.273
1679,698,686,cafu,Blue,141,2025-08-24 03:13:49.797
1680,699,688,ᴸ̲ᴱ̲ᴼ̲,Red,36,2025-08-24 03:14:38.729
1681,699,694,joacocarp,Blue,42,2025-08-24 03:14:50.179
1682,699,694,joacocarp,Blue,46,2025-08-24 03:15:00.859
1683,699,690,anna,Blue,99,2025-08-24 03:16:07.255
1684,700,684,paws,Red,5,2025-08-24 03:16:23.008
1685,701,695,pan ,Red,99,2025-08-24 03:18:07.965
1686,701,695,pan ,Blue,112,2025-08-24 03:18:27.270
1687,701,684,paws,Red,138,2025-08-24 03:18:58.432
1688,701,695,pan ,Red,140,2025-08-24 03:19:11.656
1689,702,696,ze pekeño ,Red,11,2025-08-24 03:19:38.628
1690,702,688,ᴸ̲ᴱ̲ᴼ̲,Blue,159,2025-08-24 03:22:15.947
1691,702,684,paws,Red,225,2025-08-24 03:23:27.317
1692,703,684,paws,Red,15,2025-08-24 03:23:58.470
1693,703,684,paws,Red,33,2025-08-24 03:24:22.224
1694,703,686,cafu,Blue,84,2025-08-24 03:25:19.047
1695,703,2,tnt,Red,139,2025-08-24 03:26:19.297
1696,704,686,cafu,Blue,36,2025-08-24 03:27:04.738
1697,704,698,haw,Red,100,2025-08-24 03:28:14.404
1698,704,689,pinga,Red,135,2025-08-24 03:28:56.786
1699,705,690,anna,Red,20,2025-08-24 03:30:19.117
1700,705,684,paws,Red,59,2025-08-24 03:31:04.588
1701,705,684,paws,Red,70,2025-08-24 03:31:27.392
1702,706,700,Alejo Veliz,Blue,8,2025-08-24 03:31:45.198
1703,706,690,anna,Red,49,2025-08-24 03:32:31.608
1704,706,689,pinga,Red,131,2025-08-24 03:34:02.693
1705,706,688,ᴸ̲ᴱ̲ᴼ̲,Blue,178,2025-08-24 03:34:57.491
1706,706,689,pinga,Red,327,2025-08-24 03:37:31.049
1707,707,684,paws,Red,31,2025-08-24 03:38:19.342
1708,707,684,paws,Red,42,2025-08-24 03:38:35.731
1709,707,688,ᴸ̲ᴱ̲ᴼ̲,Blue,55,2025-08-24 03:38:53.859
1710,707,690,anna,Red,69,2025-08-24 03:39:13.110
1711,709,2,tnt,Red,64,2025-08-24 03:40:52.053
1712,709,686,cafu,Blue,79,2025-08-24 03:41:13.777
1713,709,690,anna,Red,87,2025-08-24 03:41:27.813
1714,709,686,cafu,Red,95,2025-08-24 03:41:42.115
1715,710,597,yegua ,Red,129,2025-08-24 03:44:01.160
1716,711,690,anna,Red,75,2025-08-24 03:46:31.694
1717,711,684,paws,Red,146,2025-08-24 03:47:47.929
1718,711,689,pinga,Red,176,2025-08-24 03:48:24.583
1719,712,702,kante,Red,46,2025-08-24 03:49:24.160
1720,712,702,kante,Red,124,2025-08-24 03:50:49.578
1721,712,702,kante,Red,150,2025-08-24 03:51:24.442
1722,713,122,respect ,Red,73,2025-08-24 03:52:58.570
1723,713,704,ss,Red,79,2025-08-24 03:53:11.030
1724,713,122,respect ,Red,101,2025-08-24 03:53:38.960
1725,716,690,anna,Red,38,2025-08-24 03:54:44.037
1726,716,702,kante,Red,62,2025-08-24 03:55:15.843
1727,716,597,yegua ,Red,131,2025-08-24 03:56:33.758
1729,719,122,respect ,Blue,17,2025-08-24 03:58:14.299
1730,719,684,paws,Red,19,2025-08-24 03:58:20.922
1731,719,684,paws,Red,26,2025-08-24 03:58:33.580
1732,719,684,paws,Red,58,2025-08-24 03:59:10.332
1733,720,707,𝓳𝓾𝓰𝓾𝓲𝓽𝓸,Red,160,2025-08-24 04:02:05.871
1734,720,684,paws,Red,165,2025-08-24 04:02:16.613
1735,720,684,paws,Red,170,2025-08-24 04:02:28.033
1736,721,690,anna,Red,66,2025-08-24 04:03:45.752
1737,721,2,tnt,Blue,76,2025-08-24 04:04:03.187
1738,721,511,Feli,Red,89,2025-08-24 04:04:21.494
1739,721,2,tnt,Red,127,2025-08-24 04:05:05.231
1740,722,684,paws,Red,11,2025-08-24 04:05:30.366
1741,722,2,tnt,Red,31,2025-08-24 04:05:56.183
1742,722,512,Shouu Maybank,Red,110,2025-08-24 04:07:20.644
1743,723,686,cafu,Red,31,2025-08-24 04:08:06.453
1744,723,122,respect ,Red,97,2025-08-24 04:09:22.534
1745,724,684,paws,Blue,117,2025-08-24 04:13:11.897
1746,725,398,Agu,Blue,6,2025-08-24 04:14:39.563
1747,725,702,kante,Blue,29,2025-08-24 04:15:10.134
1748,725,686,cafu,Red,58,2025-08-24 04:15:50.227
1749,725,2,tnt,Red,70,2025-08-24 04:16:07.603
1750,725,690,anna,Blue,90,2025-08-24 04:16:32.529
1751,726,684,paws,Blue,72,2025-08-24 04:17:53.413
1752,726,707,𝓳𝓾𝓰𝓾𝓲𝓽𝓸,Blue,81,2025-08-24 04:18:16.879
1753,726,711,𝖈𝖆𝖋𝖚𝖓𝖈𝖚𝖑𝖆,Blue,98,2025-08-24 04:18:48.344
1754,727,702,kante,Blue,20,2025-08-24 04:19:21.531
1755,727,702,kante,Blue,33,2025-08-24 04:19:40.431
1756,727,702,kante,Blue,172,2025-08-24 04:22:08.662
1757,729,690,anna,Blue,59,2025-08-24 04:23:27.539
1758,730,713,𝙘𝙖𝙣𝙙𝙞𝙖,Red,24,2025-08-24 04:26:12.875
1759,730,713,𝙘𝙖𝙣𝙙𝙞𝙖,Red,49,2025-08-24 04:26:43.385
1760,730,684,paws,Blue,62,2025-08-24 04:27:10.032
1761,730,712,Aomine,Blue,77,2025-08-24 04:27:29.983
1762,730,684,paws,Blue,109,2025-08-24 04:28:08.772
1763,731,702,kante,Blue,31,2025-08-24 04:28:57.675
1764,731,702,kante,Blue,78,2025-08-24 04:29:50.187
1765,731,711,𝖈𝖆𝖋𝖚𝖓𝖈𝖚𝖑𝖆,Blue,95,2025-08-24 04:30:15.980
1766,732,716,reybeck🤴🏼,Blue,80,2025-08-24 04:31:54.779
1767,732,686,cafu,Blue,84,2025-08-24 04:32:05.508
1768,732,2,tnt,Red,180,2025-08-24 04:33:59.401
1769,733,719,empanadita,Blue,3,2025-08-24 04:34:17.154
1770,733,702,kante,Blue,31,2025-08-24 04:34:51.965
1771,735,716,reybeck🤴🏼,Blue,68,2025-08-24 04:36:22.533
1772,737,717,NAXXI,Blue,17,2025-08-24 04:39:03.792
1773,737,690,anna,Blue,75,2025-08-24 04:40:08.099
1774,737,686,cafu,Red,120,2025-08-24 04:41:04.945
1775,738,716,reybeck🤴🏼,Blue,16,2025-08-24 04:42:42.934
1776,738,684,paws,Blue,27,2025-08-24 04:42:59.702
1777,738,720,𓆰𝑫𝑼𝑲𝑶𓆪,Red,77,2025-08-24 04:43:54.944
1778,738,684,paws,Blue,155,2025-08-24 04:45:18.719
1779,739,690,anna,Blue,9,2025-08-24 04:45:43.291
1780,739,702,kante,Blue,17,2025-08-24 04:45:56.852
1781,739,2,tnt,Blue,72,2025-08-24 04:46:57.593
1782,741,725,boliviano,Blue,20,2025-08-24 04:47:57.911
1783,743,690,anna,Red,56,2025-08-24 04:51:58.683
1784,743,684,paws,Blue,87,2025-08-24 04:52:34.542
1785,743,686,cafu,Red,123,2025-08-24 04:53:15.926
1786,743,684,paws,Blue,165,2025-08-24 04:54:04.909
1787,743,2,tnt,Red,181,2025-08-24 04:54:30.133
1789,745,2,tnt,Red,80,2025-08-24 04:57:01.443
1790,745,686,cafu,Red,99,2025-08-24 04:57:32.761
1791,745,2,tnt,Blue,103,2025-08-24 04:57:47.411
1792,745,686,cafu,Red,138,2025-08-24 04:58:27.018
1793,746,731,Papeleria,Red,38,2025-08-24 04:59:16.614
1794,746,731,Papeleria,Red,71,2025-08-24 04:59:58.003
1795,746,731,Papeleria,Red,97,2025-08-24 05:00:29.761
1810,757,737,zkllx,Red,7,2025-09-07 23:28:36.949
1811,757,740,aguante boca,Red,27,2025-09-07 23:29:15.233
1812,757,743,Wakabayashi no prime gk,Blue,58,2025-09-07 23:29:51.369
1813,757,737,zkllx,Red,80,2025-09-07 23:30:18.281
1814,758,740,aguante boca,Blue,40,2025-09-07 23:31:11.838
1815,758,745,español,Red,145,2025-09-07 23:33:01.540
1816,758,2,tnt,Red,196,2025-09-07 23:33:59.536
1817,759,740,aguante boca,Red,13,2025-09-07 23:34:24.906
1818,759,746,egksito,Blue,140,2025-09-07 23:36:37.381
1819,759,737,zkllx,Red,200,2025-09-07 23:37:42.803
1820,761,748,pdr,Blue,71,2025-09-07 23:39:27.422
1821,761,748,pdr,Blue,95,2025-09-07 23:39:56.939
1822,761,2,tnt,Blue,121,2025-09-07 23:40:33.972
1823,762,2,tnt,Blue,22,2025-09-07 23:41:05.531
1824,762,737,zkllx,Blue,130,2025-09-07 23:42:59.835
1826,764,753,thibu!,Red,136,2025-09-07 23:46:36.144
1827,765,752,nickname,Red,86,2025-09-07 23:49:04.738
1828,765,752,nickname,Red,131,2025-09-07 23:50:14.328
1829,765,751,Neymar.jr,Red,151,2025-09-07 23:50:44.658
1830,766,749,Kloop,Red,64,2025-09-07 23:52:02.946
1832,768,737,zkllx,Blue,12,2025-09-07 23:54:26.769
1833,768,752,nickname,Red,75,2025-09-07 23:55:35.411
1834,768,755,baby mi diablita ere tuu,Blue,153,2025-09-07 23:56:58.528
1835,768,760,Ikki Niko,Red,158,2025-09-07 23:57:08.799
1836,768,759,LiliTCAVS,Red,180,2025-09-07 23:58:10.531
1840,772,2,tnt,Blue,45,2025-09-08 00:01:40.261
1841,772,766,chau picho,Red,54,2025-09-08 00:01:58.797
1842,772,737,zkllx,Red,116,2025-09-08 00:03:06.078
1843,772,2,tnt,Blue,132,2025-09-08 00:03:27.820
1844,772,765,Maradrogas,Blue,181,2025-09-08 00:04:25.150
1845,773,766,chau picho,Blue,18,2025-09-08 00:04:54.234
1846,773,766,chau picho,Blue,34,2025-09-08 00:05:16.590
1847,773,767,benedetto,Blue,42,2025-09-08 00:05:32.140
1848,774,769,Tero,Blue,199,2025-09-08 00:09:08.971
1849,775,767,benedetto,Blue,4,2025-09-08 00:09:24.435
1850,775,766,chau picho,Blue,34,2025-09-08 00:10:00.642
1851,775,2,tnt,Blue,74,2025-09-08 00:10:51.035
1852,776,2,tnt,Red,16,2025-09-08 00:11:20.470
1853,776,737,zkllx,Red,55,2025-09-08 00:12:04.965
1854,776,770,Nacho (retirado),Red,64,2025-09-08 00:12:18.712
1855,777,767,benedetto,Blue,21,2025-09-08 00:12:53.628
1856,777,770,Nacho (retirado),Red,130,2025-09-08 00:14:51.839
1857,777,751,Neymar.jr,Blue,173,2025-09-08 00:15:48.110
1858,778,751,Neymar.jr,Blue,31,2025-09-08 00:16:43.255
1859,778,770,Nacho (retirado),Red,40,2025-09-08 00:17:03.129
1860,778,760,Ikki Niko,Red,111,2025-09-08 00:18:20.053
1861,778,760,Ikki Niko,Red,167,2025-09-08 00:19:21.432
