match_id,start_time,end_time
42,2025-01-09 05:17:12.735,2025-01-09 05:18:34.214
43,2025-01-09 05:18:37.434,2025-01-09 05:22:06.981
44,2025-01-09 05:22:14.814,2025-01-09 05:25:36.851
45,2025-01-09 05:25:42.607,2025-01-09 05:28:36.926
46,2025-01-09 05:28:41.739,2025-01-09 05:29:56.006
47,2025-01-09 05:29:58.905,2025-01-09 05:31:45.854
48,2025-01-09 05:31:46.331,2025-01-09 05:34:43.972
50,2025-01-09 05:35:00.948,2025-01-09 05:37:58.236
51,2025-01-09 05:38:02.774,2025-01-09 05:40:16.099
52,2025-01-09 05:40:20.994,2025-01-09 05:40:57.374
53,2025-01-09 05:40:57.838,2025-01-09 05:43:35.194
54,2025-01-09 05:43:48.445,2025-01-09 05:45:43.319
55,2025-01-09 05:45:49.016,2025-01-09 05:48:48.674
56,2025-01-09 05:48:53.200,2025-01-09 05:50:26.902
57,2025-01-09 05:50:30.502,2025-01-09 05:50:39.395
58,2025-01-09 05:50:39.625,2025-01-09 05:54:41.343
59,2025-01-09 05:54:42.107,2025-01-09 05:56:08.618
60,2025-01-09 05:56:12.770,2025-01-09 05:59:04.717
61,2025-01-09 05:59:09.278,2025-01-09 06:01:55.859
66,2025-01-09 06:08:37.418,2025-01-09 06:12:07.106
67,2025-01-09 06:12:14.120,2025-01-09 06:13:44.769
68,2025-01-09 06:13:50.095,2025-01-09 06:15:43.631
69,2025-01-09 06:15:51.049,2025-01-09 06:17:38.064
70,2025-01-09 06:17:42.156,2025-01-09 06:20:39.732
71,2025-01-09 06:20:45.307,2025-01-09 06:23:34.450
72,2025-01-09 06:23:39.949,2025-01-09 06:25:45.352
73,2025-01-09 06:25:49.337,2025-01-09 06:29:09.453
75,2025-01-09 06:29:24.723,2025-01-09 06:33:06.969
76,2025-01-09 06:33:42.860,2025-01-09 06:38:48.320
77,2025-01-09 06:39:00.443,2025-01-09 06:42:50.571
78,2025-01-09 06:42:54.332,2025-01-09 06:43:23.816
79,2025-01-09 06:43:24.486,2025-01-09 06:45:40.829
80,2025-01-09 06:45:45.132,2025-01-09 06:48:07.903
88,2025-01-11 18:15:20.670,2025-01-11 18:19:04.329
89,2025-01-11 18:19:11.726,2025-01-11 18:21:08.484
90,2025-01-11 18:21:09.239,2025-01-11 18:23:37.403
92,2025-01-11 18:26:58.694,2025-01-11 18:31:32.862
93,2025-01-11 18:31:45.942,2025-01-11 18:34:53.079
95,2025-01-11 18:35:08.288,2025-01-11 18:38:23.197
96,2025-01-11 18:38:27.464,2025-01-11 18:41:58.438
97,2025-01-11 18:42:04.553,2025-01-11 18:45:24.510
98,2025-01-11 18:45:28.151,2025-01-11 18:48:44.095
99,2025-01-11 18:48:48.560,2025-01-11 18:50:45.065
100,2025-01-11 18:50:51.506,2025-01-11 18:51:25.647
101,2025-01-11 18:51:28.221,2025-01-11 18:54:50.798
102,2025-01-11 18:54:57.355,2025-01-11 18:58:18.741
103,2025-01-11 18:58:27.155,2025-01-11 18:59:27.064
104,2025-01-11 18:59:28.021,2025-01-11 19:03:43.050
109,2025-01-16 05:21:52.404,2025-01-16 05:22:37.032
110,2025-01-16 05:22:37.365,2025-01-16 05:24:50.543
111,2025-01-16 05:24:51.927,2025-01-16 05:27:25.903
115,2025-01-16 05:30:20.105,2025-01-16 05:32:09.365
116,2025-01-16 05:32:18.998,2025-01-16 05:35:39.740
117,2025-01-16 05:35:48.797,2025-01-16 05:37:32.255
119,2025-01-16 05:38:48.999,2025-01-16 05:42:33.518
121,2025-01-16 05:42:44.331,2025-01-16 05:45:57.721
122,2025-01-16 05:46:02.475,2025-01-16 05:48:18.125
123,2025-01-16 05:48:18.559,2025-01-16 05:50:31.679
124,2025-01-16 05:50:37.561,2025-01-16 05:54:00.913
126,2025-01-16 05:55:20.212,2025-01-16 05:57:54.842
127,2025-01-16 05:58:02.697,2025-01-16 06:00:44.314
128,2025-01-16 06:00:48.234,2025-01-16 06:02:55.291
129,2025-01-16 06:03:01.682,2025-01-16 06:06:33.293
130,2025-01-16 06:06:40.579,2025-01-16 06:09:43.641
132,2025-01-16 06:11:06.525,2025-01-16 06:14:30.337
134,2025-01-16 06:14:45.139,2025-01-16 06:15:56.111
135,2025-01-16 06:16:05.490,2025-01-16 06:19:27.468
136,2025-01-16 06:19:28.649,2025-01-16 06:22:16.116
137,2025-01-16 06:22:19.140,2025-01-16 06:22:27.001
138,2025-01-16 06:22:29.224,2025-01-16 06:25:39.593
140,2025-01-16 06:26:46.269,2025-01-16 06:29:57.715
141,2025-01-16 06:30:00.603,2025-01-16 06:31:32.244
142,2025-01-16 06:31:35.632,2025-01-16 06:31:53.810
144,2025-01-16 06:32:05.370,2025-01-16 06:33:52.713
145,2025-01-16 06:33:57.236,2025-01-16 06:34:05.818
146,2025-01-16 06:34:06.312,2025-01-16 06:37:33.942
165,2025-01-20 03:32:45.837,2025-01-20 03:36:11.902
168,2025-01-20 03:40:40.409,2025-01-20 03:42:35.176
169,2025-01-20 03:42:39.590,2025-01-20 03:44:22.525
170,2025-01-20 03:44:30.211,2025-01-20 03:44:39.446
171,2025-01-20 03:44:39.646,2025-01-20 03:47:16.247
192,2025-01-23 01:49:25.942,2025-01-23 01:51:54.256
193,2025-01-23 01:51:56.395,2025-01-23 01:55:22.060
195,2025-01-23 01:56:04.151,2025-01-23 01:58:06.808
196,2025-01-23 01:58:14.002,2025-01-23 02:01:04.595
197,2025-01-23 02:01:11.998,2025-01-23 02:05:27.520
198,2025-01-23 02:05:34.690,2025-01-23 02:07:29.690
199,2025-01-23 02:07:34.306,2025-01-23 02:11:40.286
200,2025-01-23 02:11:48.920,2025-01-23 02:15:59.025
201,2025-01-23 02:16:02.595,2025-01-23 02:17:57.290
203,2025-01-23 02:18:14.595,2025-01-23 02:20:55.772
204,2025-01-23 02:21:13.422,2025-01-23 02:24:57.505
205,2025-01-23 02:25:04.906,2025-01-23 02:27:19.629
206,2025-01-23 02:27:24.604,2025-01-23 02:30:04.984
207,2025-01-23 02:30:08.538,2025-01-23 02:33:41.051
208,2025-01-23 02:33:46.932,2025-01-23 02:34:13.463
209,2025-01-23 02:34:15.869,2025-01-23 02:35:35.748
210,2025-01-23 02:35:40.695,2025-01-23 02:36:55.236
211,2025-01-23 02:36:59.011,2025-01-23 02:40:20.314
212,2025-01-23 02:40:26.106,2025-01-23 02:43:47.986
214,2025-01-23 02:44:11.577,2025-01-23 02:47:02.468
218,2025-01-23 02:49:41.965,2025-01-23 02:52:15.972
220,2025-01-23 02:52:31.680,2025-01-23 02:54:17.049
221,2025-01-23 02:54:19.258,2025-01-23 02:56:55.642
222,2025-01-23 02:56:58.138,2025-01-23 02:59:22.615
223,2025-01-23 02:59:24.182,2025-01-23 03:02:15.383
224,2025-01-23 03:02:15.628,2025-01-23 03:03:49.574
237,2025-01-28 02:48:28.458,2025-01-28 02:51:43.132
239,2025-01-28 02:52:20.133,2025-01-28 02:54:04.771
240,2025-01-28 02:54:11.541,2025-01-28 02:57:54.427
241,2025-01-28 02:57:59.131,2025-01-28 03:01:27.289
242,2025-01-28 03:01:35.557,2025-01-28 03:04:58.189
243,2025-01-28 03:05:08.555,2025-01-28 03:06:13.839
244,2025-01-28 03:06:19.344,2025-01-28 03:09:40.487
245,2025-01-28 03:09:45.305,2025-01-28 03:11:14.746
246,2025-01-28 03:11:19.034,2025-01-28 03:13:36.581
247,2025-01-28 03:13:37.391,2025-01-28 03:17:04.619
248,2025-01-28 03:17:09.157,2025-01-28 03:19:32.476
249,2025-01-28 03:19:36.408,2025-01-28 03:21:42.685
250,2025-01-28 03:21:47.297,2025-01-28 03:24:49.058
251,2025-01-28 03:24:57.413,2025-01-28 03:28:07.364
252,2025-01-28 03:28:10.586,2025-01-28 03:31:23.987
253,2025-01-28 03:31:28.838,2025-01-28 03:34:27.406
254,2025-01-28 03:34:34.354,2025-01-28 03:37:34.552
256,2025-01-28 03:40:45.093,2025-01-28 03:44:04.285
257,2025-01-28 03:44:08.526,2025-01-28 03:47:22.744
262,2025-01-28 18:34:56.620,2025-01-28 18:40:46.954
263,2025-01-28 18:40:52.618,2025-01-28 18:44:31.698
264,2025-01-28 18:44:36.579,2025-01-28 18:47:47.885
266,2025-01-28 18:48:19.757,2025-01-28 18:49:02.530
267,2025-01-28 18:49:03.048,2025-01-28 18:52:53.214
268,2025-01-28 18:52:58.551,2025-01-28 18:56:12.399
270,2025-01-28 18:56:39.482,2025-01-28 18:59:54.756
271,2025-01-28 18:59:59.507,2025-01-28 19:03:26.576
272,2025-01-28 19:03:33.593,2025-01-28 19:07:28.491
273,2025-01-28 19:07:34.187,2025-01-28 19:10:57.335
274,2025-01-28 19:11:01.996,2025-01-28 19:13:08.238
275,2025-01-28 19:13:12.857,2025-01-28 19:15:56.542
276,2025-01-28 19:16:00.063,2025-01-28 19:18:47.247
277,2025-01-28 19:18:51.262,2025-01-28 19:22:26.806
279,2025-01-28 19:25:20.906,2025-01-28 19:28:34.355
281,2025-01-28 19:28:51.807,2025-01-28 19:31:44.767
282,2025-01-28 19:31:49.331,2025-01-28 19:36:26.119
284,2025-01-28 19:36:38.134,2025-01-28 19:39:52.177
285,2025-01-28 19:39:56.012,2025-01-28 19:43:11.610
286,2025-01-28 19:43:17.524,2025-01-28 19:45:01.588
287,2025-01-28 19:45:04.842,2025-01-28 19:46:33.426
288,2025-01-28 19:46:37.053,2025-01-28 19:49:28.308
289,2025-01-28 19:49:31.706,2025-01-28 19:52:23.795
290,2025-01-28 19:52:28.089,2025-01-28 19:54:01.053
291,2025-01-28 19:54:04.914,2025-01-28 19:57:04.304
292,2025-01-28 19:57:08.455,2025-01-28 20:01:10.655
294,2025-01-28 20:01:35.680,2025-01-28 20:04:34.918
295,2025-01-28 20:04:40.209,2025-01-28 20:04:53.623
301,2025-01-29 01:00:21.631,2025-01-29 01:03:44.475
302,2025-01-29 01:03:52.342,2025-01-29 01:05:28.560
307,2025-01-29 01:10:13.103,2025-01-29 01:13:20.791
308,2025-01-29 01:13:25.607,2025-01-29 01:17:06.257
309,2025-01-29 01:17:10.007,2025-01-29 01:20:44.106
310,2025-01-29 01:20:48.950,2025-01-29 01:21:00.261
311,2025-01-29 01:21:00.755,2025-01-29 01:24:19.857
312,2025-01-29 01:24:28.654,2025-01-29 01:27:55.406
313,2025-01-29 01:28:04.771,2025-01-29 01:28:24.643
314,2025-01-29 01:28:25.071,2025-01-29 01:31:45.512
315,2025-01-29 01:31:50.346,2025-01-29 01:35:28.456
316,2025-01-29 01:35:35.667,2025-01-29 01:38:56.406
318,2025-01-29 01:39:15.197,2025-01-29 01:42:39.656
319,2025-01-29 01:42:43.376,2025-01-29 01:45:53.169
320,2025-01-29 01:45:58.466,2025-01-29 01:49:04.455
321,2025-01-29 01:49:08.438,2025-01-29 01:49:29.363
322,2025-01-29 01:49:29.957,2025-01-29 01:52:55.725
323,2025-01-29 01:53:00.431,2025-01-29 01:56:26.843
324,2025-01-29 01:56:31.296,2025-01-29 02:00:13.270
325,2025-01-29 02:00:17.314,2025-01-29 02:03:34.541
326,2025-01-29 02:03:38.202,2025-01-29 02:04:14.693
327,2025-01-29 02:04:14.987,2025-01-29 02:06:32.248
328,2025-01-29 02:06:36.519,2025-01-29 02:08:22.867
329,2025-01-29 02:08:28.535,2025-01-29 02:10:03.546
335,2025-01-29 02:19:15.125,2025-01-29 02:22:35.557
337,2025-01-29 02:22:47.172,2025-01-29 02:23:15.683
338,2025-01-29 02:23:16.153,2025-01-29 02:25:03.811
339,2025-01-29 02:25:09.651,2025-01-29 02:28:23.578
340,2025-01-29 02:28:32.263,2025-01-29 02:29:47.372
345,2025-01-31 20:30:29.428,2025-01-31 20:34:01.155
346,2025-01-31 20:34:07.585,2025-01-31 20:37:37.843
347,2025-01-31 20:37:42.396,2025-01-31 20:40:57.694
348,2025-01-31 20:41:04.813,2025-01-31 20:44:16.955
349,2025-01-31 20:44:21.603,2025-01-31 20:47:44.710
350,2025-01-31 20:47:49.280,2025-01-31 20:47:53.422
355,2025-01-31 20:51:28.935,2025-01-31 20:54:43.558
356,2025-01-31 20:54:47.939,2025-01-31 20:57:55.696
357,2025-01-31 20:58:00.631,2025-01-31 21:01:16.673
358,2025-01-31 21:01:20.584,2025-01-31 21:03:43.504
360,2025-01-31 21:03:54.066,2025-01-31 21:07:09.590
361,2025-01-31 21:07:14.833,2025-01-31 21:10:38.223
363,2025-01-31 21:10:46.057,2025-01-31 21:14:10.853
364,2025-01-31 21:14:16.004,2025-01-31 21:17:42.504
367,2025-01-31 21:18:00.044,2025-01-31 21:21:37.926
369,2025-01-31 21:22:54.091,2025-01-31 21:24:04.516
370,2025-01-31 21:24:06.470,2025-01-31 21:27:33.375
371,2025-01-31 21:27:37.180,2025-01-31 21:31:01.549
372,2025-01-31 21:31:08.090,2025-01-31 21:31:50.875
373,2025-01-31 21:31:55.223,2025-01-31 21:33:57.736
374,2025-01-31 21:34:04.885,2025-01-31 21:37:01.402
375,2025-01-31 21:37:05.821,2025-01-31 21:40:37.381
376,2025-01-31 21:40:43.095,2025-01-31 21:44:01.052
377,2025-01-31 21:44:05.094,2025-01-31 21:44:19.381
378,2025-01-31 21:44:20.047,2025-01-31 21:47:13.494
379,2025-01-31 21:47:18.231,2025-01-31 21:50:48.406
380,2025-01-31 21:50:51.776,2025-01-31 21:52:21.414
381,2025-01-31 21:52:25.534,2025-01-31 21:55:49.735
382,2025-01-31 21:55:54.363,
389,2025-02-01 07:24:21.661,2025-02-01 07:28:28.512
390,2025-02-01 07:28:32.876,2025-02-01 07:32:39.092
392,2025-02-01 07:32:53.875,2025-02-01 07:34:41.450
393,2025-02-01 07:34:46.750,2025-02-01 07:36:17.547
394,2025-02-01 07:36:18.385,2025-02-01 07:38:59.233
395,2025-02-01 07:39:07.031,2025-02-01 07:42:21.434
396,2025-02-01 07:42:31.025,2025-02-01 07:45:46.572
397,2025-02-01 07:45:51.498,2025-02-01 07:49:15.126
398,2025-02-01 07:49:18.107,2025-02-01 07:54:32.361
399,2025-02-01 07:54:35.388,2025-02-01 07:58:09.105
400,2025-02-01 07:58:13.535,2025-02-01 08:01:14.207
402,2025-02-01 08:01:26.794,2025-02-01 08:04:44.658
403,2025-02-01 08:04:49.065,2025-02-01 08:06:06.895
404,2025-02-01 08:06:11.596,2025-02-01 08:10:05.361
406,2025-02-01 08:10:19.827,2025-02-01 08:13:36.552
407,2025-02-01 08:13:41.865,2025-02-01 08:16:56.800
408,2025-02-01 08:17:01.842,2025-02-01 08:20:31.561
409,2025-02-01 08:20:38.317,2025-02-01 08:23:19.171
410,2025-02-01 08:23:27.800,2025-02-01 08:26:39.933
411,2025-02-01 08:26:45.436,2025-02-01 08:26:55.690
412,2025-02-01 08:26:56.398,2025-02-01 08:30:10.708
413,2025-02-01 08:30:15.457,2025-02-01 08:35:21.476
414,2025-02-01 08:35:25.714,2025-02-01 08:35:41.914
416,2025-02-01 08:36:13.444,2025-02-01 08:38:38.800
417,2025-02-01 08:38:44.300,2025-02-01 08:40:52.433
418,2025-02-01 08:40:56.329,2025-02-01 08:44:25.629
419,2025-02-01 08:44:33.773,2025-02-01 08:47:55.606
420,2025-02-01 08:47:58.628,2025-02-01 08:49:11.379
421,2025-02-01 08:49:14.252,2025-02-01 08:51:39.774
422,2025-02-01 08:51:43.401,2025-02-01 08:56:56.273
423,2025-02-01 08:56:59.519,
427,2025-02-01 16:27:32.806,2025-02-01 16:30:45.569
428,2025-02-01 16:30:50.825,2025-02-01 16:34:08.660
429,2025-02-01 16:34:14.186,2025-02-01 16:35:18.882
430,2025-02-01 16:35:22.688,2025-02-01 16:38:50.889
432,2025-02-01 16:38:57.229,2025-02-01 16:41:48.025
433,2025-02-01 16:41:52.205,2025-02-01 16:45:24.107
434,2025-02-01 16:45:32.069,2025-02-01 16:49:10.542
435,2025-02-01 16:49:18.862,2025-02-01 16:51:59.050
436,2025-02-01 16:52:03.548,2025-02-01 16:55:16.636
437,2025-02-01 16:55:20.674,2025-02-01 16:58:46.921
438,2025-02-01 16:58:50.964,2025-02-01 17:00:36.632
440,2025-02-01 17:00:55.023,2025-02-01 17:04:53.167
441,2025-02-01 17:04:57.556,2025-02-01 17:06:23.949
456,2025-07-22 03:10:01.177,2025-07-22 03:14:40.660
457,2025-07-22 03:14:44.712,2025-07-22 03:16:41.502
459,2025-07-22 03:16:59.825,2025-07-22 03:19:34.214
460,2025-07-22 03:19:41.404,2025-07-22 03:22:57.411
461,2025-07-22 03:23:01.237,2025-07-22 03:26:40.323
462,2025-07-22 03:26:41.177,2025-07-22 03:26:54.930
464,2025-07-22 03:29:32.989,2025-07-22 03:30:18.022
465,2025-07-22 03:30:21.735,2025-07-22 03:33:50.375
466,2025-07-22 03:33:53.192,2025-07-22 03:34:01.389
467,2025-07-22 03:34:01.630,2025-07-22 03:36:34.015
478,2025-07-22 17:14:05.127,2025-07-22 17:16:44.899
487,2025-07-22 17:28:07.029,2025-07-22 17:29:38.399
488,2025-07-22 17:29:43.621,2025-07-22 17:31:13.260
492,2025-07-22 17:38:06.136,2025-07-22 17:40:44.573
494,2025-07-22 17:40:54.082,2025-07-22 17:43:12.624
495,2025-07-22 17:43:25.315,2025-07-22 17:45:32.901
496,2025-07-22 17:45:37.224,2025-07-22 17:49:20.451
497,2025-07-22 17:49:26.272,2025-07-22 17:52:52.148
500,2025-07-22 17:53:23.577,2025-07-22 17:56:51.158
501,2025-07-22 17:57:05.222,2025-07-22 17:58:33.485
502,2025-07-22 17:58:37.704,2025-07-22 18:00:10.345
503,2025-07-22 18:00:15.915,2025-07-22 18:02:06.213
507,2025-07-22 18:06:46.900,2025-07-22 18:10:10.966
510,2025-07-22 18:10:56.632,2025-07-22 18:14:22.339
514,2025-07-22 18:17:58.603,2025-07-22 18:20:52.721
515,2025-07-22 18:20:57.147,2025-07-22 18:27:11.905
517,2025-07-22 18:27:33.394,2025-07-22 18:30:48.144
518,2025-07-22 18:30:51.566,2025-07-22 18:34:53.390
522,2025-07-22 18:35:27.302,2025-07-22 18:38:39.212
523,2025-07-22 18:38:45.512,2025-07-22 18:42:11.424
524,2025-07-22 18:42:27.125,2025-07-22 18:45:44.944
525,2025-07-22 18:45:49.699,2025-07-22 18:49:21.799
527,2025-07-22 18:49:27.698,2025-07-22 18:52:46.604
528,2025-07-22 18:52:50.359,2025-07-22 18:56:08.538
540,2025-07-23 17:43:41.527,2025-07-23 17:47:04.507
541,2025-07-23 17:47:24.397,2025-07-23 17:48:07.980
542,2025-07-23 17:48:14.439,2025-07-23 17:50:26.514
543,2025-07-23 17:50:29.826,2025-07-23 17:53:23.663
544,2025-07-23 17:53:26.772,2025-07-23 17:56:45.542
545,2025-07-23 17:56:50.197,2025-07-23 18:01:27.682
547,2025-07-23 18:01:56.114,2025-07-23 18:05:35.931
548,2025-07-23 18:05:52.802,2025-07-23 18:06:20.609
549,2025-07-23 18:06:20.997,2025-07-23 18:12:09.352
550,2025-07-23 18:12:13.591,2025-07-23 18:15:40.227
551,2025-07-23 18:15:43.547,2025-07-23 18:18:57.050
552,2025-07-23 18:19:00.457,2025-07-23 18:22:41.256
553,2025-07-23 18:22:46.690,2025-07-23 18:23:41.823
555,2025-07-23 18:24:02.924,2025-07-23 18:24:30.062
556,2025-07-23 18:24:30.273,2025-07-23 18:27:49.783
557,2025-07-23 18:27:53.378,2025-07-23 18:33:52.157
558,2025-07-23 18:33:55.693,2025-07-23 18:36:04.588
560,2025-07-23 18:36:23.208,
572,2025-08-11 16:20:42.181,2025-08-11 16:21:08.231
573,2025-08-11 16:21:08.477,2025-08-11 16:22:37.237
574,2025-08-11 16:22:41.679,2025-08-11 16:25:22.812
575,2025-08-11 16:25:27.342,2025-08-11 16:27:42.821
576,2025-08-11 16:27:50.656,2025-08-11 16:28:10.188
577,2025-08-11 16:28:10.362,2025-08-11 16:31:46.811
578,2025-08-11 16:31:50.710,2025-08-11 16:33:59.500
579,2025-08-11 16:34:04.372,2025-08-11 16:36:06.001
580,2025-08-11 16:36:11.067,2025-08-11 16:40:54.552
582,2025-08-11 16:41:19.506,2025-08-11 16:44:10.209
583,2025-08-11 16:44:13.998,2025-08-11 16:44:31.321
584,2025-08-11 16:44:31.962,2025-08-11 16:47:58.902
586,2025-08-11 16:49:34.874,2025-08-11 16:50:36.325
587,2025-08-11 16:50:39.594,2025-08-11 16:50:47.433
588,2025-08-11 16:50:49.449,2025-08-11 16:52:54.897
589,2025-08-11 16:52:58.408,2025-08-11 16:54:22.895
591,2025-08-11 16:54:30.768,2025-08-11 16:57:49.053
592,2025-08-11 16:57:55.662,2025-08-11 17:00:38.305
593,2025-08-11 17:00:45.369,2025-08-11 17:04:02.792
594,2025-08-11 17:04:20.187,2025-08-11 17:07:07.298
595,2025-08-11 17:07:11.356,2025-08-11 17:13:01.146
596,2025-08-11 17:13:04.824,2025-08-11 17:16:19.686
597,2025-08-11 17:16:48.133,2025-08-11 17:19:05.609
598,2025-08-11 17:19:09.848,2025-08-11 17:22:38.655
599,2025-08-11 17:22:43.459,2025-08-11 17:24:13.961
601,2025-08-11 17:24:23.895,2025-08-11 17:26:54.989
602,2025-08-11 17:27:00.729,2025-08-11 17:30:11.093
603,2025-08-11 17:30:19.096,2025-08-11 17:32:07.003
604,2025-08-11 17:32:14.642,2025-08-11 17:33:00.905
605,2025-08-11 17:33:01.393,2025-08-11 17:35:49.221
613,2025-08-12 22:56:21.850,2025-08-12 22:59:51.652
615,2025-08-12 23:00:10.798,2025-08-12 23:00:27.370
618,2025-08-12 23:03:07.228,2025-08-12 23:03:46.456
619,2025-08-12 23:03:46.839,2025-08-12 23:06:48.488
620,2025-08-12 23:06:52.680,2025-08-12 23:10:33.889
621,2025-08-12 23:10:40.367,2025-08-12 23:12:59.048
622,2025-08-12 23:13:04.342,2025-08-12 23:16:44.384
623,2025-08-12 23:16:48.302,2025-08-12 23:20:41.989
624,2025-08-12 23:20:45.672,2025-08-12 23:21:01.602
625,2025-08-12 23:21:02.292,2025-08-12 23:21:48.498
626,2025-08-12 23:21:55.457,2025-08-12 23:22:11.281
627,2025-08-12 23:22:11.599,2025-08-12 23:25:18.786
628,2025-08-12 23:25:23.772,2025-08-12 23:28:10.778
629,2025-08-12 23:28:17.883,2025-08-12 23:31:45.130
631,2025-08-12 23:31:58.515,2025-08-12 23:39:05.758
632,2025-08-12 23:39:11.123,2025-08-12 23:42:10.752
637,2025-08-12 23:48:04.037,2025-08-12 23:51:21.120
639,2025-08-12 23:54:03.711,2025-08-12 23:57:32.109
640,2025-08-12 23:57:37.652,2025-08-13 00:00:29.679
641,2025-08-13 00:00:31.608,
652,2025-08-18 19:42:48.462,2025-08-18 19:45:52.600
653,2025-08-18 19:45:56.662,2025-08-18 19:46:16.889
654,2025-08-18 19:46:17.212,2025-08-18 19:47:07.733
655,2025-08-18 19:47:08.236,2025-08-18 19:50:41.658
656,2025-08-18 19:50:48.206,2025-08-18 19:52:29.353
657,2025-08-18 19:52:34.579,2025-08-18 19:55:11.491
658,2025-08-18 19:55:15.255,2025-08-18 19:56:25.291
660,2025-08-18 19:56:38.414,2025-08-18 19:59:51.910
661,2025-08-18 19:59:56.141,2025-08-18 20:01:03.071
662,2025-08-18 20:01:09.406,2025-08-18 20:03:49.864
663,2025-08-18 20:03:52.873,2025-08-18 20:07:14.852
664,2025-08-18 20:07:18.412,2025-08-18 20:09:37.058
665,2025-08-18 20:09:43.969,2025-08-18 20:11:59.677
666,2025-08-18 20:12:07.756,2025-08-18 20:14:12.997
667,2025-08-18 20:14:15.793,2025-08-18 20:16:10.192
668,2025-08-18 20:16:14.511,2025-08-18 20:18:39.297
669,2025-08-18 20:18:42.729,2025-08-18 20:22:46.325
670,2025-08-18 20:22:49.869,2025-08-18 20:26:16.465
672,2025-08-18 20:30:16.420,2025-08-18 20:32:38.382
673,2025-08-18 20:32:42.773,2025-08-18 20:34:33.952
674,2025-08-18 20:34:37.051,2025-08-18 20:37:17.055
675,2025-08-18 20:37:20.593,2025-08-18 20:39:28.777
676,2025-08-18 20:39:30.085,2025-08-18 20:42:30.931
677,2025-08-18 20:42:33.853,2025-08-18 20:42:41.765
678,2025-08-18 20:42:42.059,2025-08-18 20:44:20.884
679,2025-08-18 20:44:22.957,2025-08-18 20:46:52.042
686,2025-08-24 02:47:52.937,2025-08-24 02:51:19.278
690,2025-08-24 02:53:06.314,2025-08-24 02:54:51.843
691,2025-08-24 02:54:52.411,2025-08-24 02:58:13.077
692,2025-08-24 02:58:18.527,2025-08-24 03:01:18.759
693,2025-08-24 03:01:24.229,2025-08-24 03:03:32.996
694,2025-08-24 03:03:36.982,2025-08-24 03:05:58.798
695,2025-08-24 03:06:03.006,2025-08-24 03:07:17.603
696,2025-08-24 03:07:18.611,2025-08-24 03:10:54.470
698,2025-08-24 03:11:05.793,2025-08-24 03:13:54.473
699,2025-08-24 03:13:55.452,2025-08-24 03:16:09.684
700,2025-08-24 03:16:15.413,2025-08-24 03:16:24.656
701,2025-08-24 03:16:24.924,2025-08-24 03:19:19.200
702,2025-08-24 03:19:24.130,2025-08-24 03:23:34.952
703,2025-08-24 03:23:40.676,2025-08-24 03:26:21.629
704,2025-08-24 03:26:25.576,2025-08-24 03:29:52.315
705,2025-08-24 03:29:56.068,2025-08-24 03:31:30.053
706,2025-08-24 03:31:34.603,2025-08-24 03:37:38.535
707,2025-08-24 03:37:44.895,2025-08-24 03:39:20.620
708,2025-08-24 03:39:26.204,2025-08-24 03:39:43.976
709,2025-08-24 03:39:44.772,2025-08-24 03:41:44.839
710,2025-08-24 03:41:48.777,2025-08-24 03:45:04.592
711,2025-08-24 03:45:13.042,2025-08-24 03:48:29.627
712,2025-08-24 03:48:34.803,2025-08-24 03:51:25.619
713,2025-08-24 03:51:28.765,2025-08-24 03:53:41.783
716,2025-08-24 03:54:02.356,2025-08-24 03:56:36.225
717,2025-08-24 03:56:39.526,2025-08-24 03:57:17.561
719,2025-08-24 03:57:52.765,2025-08-24 03:59:17.917
720,2025-08-24 03:59:23.072,2025-08-24 04:02:32.445
721,2025-08-24 04:02:37.190,2025-08-24 04:05:12.769
722,2025-08-24 04:05:16.176,2025-08-24 04:07:22.125
723,2025-08-24 04:07:25.490,2025-08-24 04:11:00.544
724,2025-08-24 04:11:08.297,2025-08-24 04:14:25.620
725,2025-08-24 04:14:29.292,2025-08-24 04:16:34.807
726,2025-08-24 04:16:38.086,2025-08-24 04:18:51.245
727,2025-08-24 04:18:56.627,2025-08-24 04:22:10.459
729,2025-08-24 04:22:21.458,2025-08-24 04:25:40.644
730,2025-08-24 04:25:44.529,2025-08-24 04:28:13.638
731,2025-08-24 04:28:18.188,2025-08-24 04:30:23.509
732,2025-08-24 04:30:27.221,2025-08-24 04:34:07.244
733,2025-08-24 04:34:10.677,2025-08-24 04:35:02.187
735,2025-08-24 04:35:09.643,2025-08-24 04:38:27.103
737,2025-08-24 04:38:42.194,2025-08-24 04:42:12.853
738,2025-08-24 04:42:20.694,2025-08-24 04:45:26.208
739,2025-08-24 04:45:29.505,2025-08-24 04:47:02.829
740,2025-08-24 04:47:06.982,2025-08-24 04:47:27.454
741,2025-08-24 04:47:27.832,2025-08-24 04:47:59.049
743,2025-08-24 04:50:57.963,2025-08-24 04:54:37.527
745,2025-08-24 04:55:38.300,2025-08-24 04:58:31.216
746,2025-08-24 04:58:36.091,2025-08-24 05:00:37.271
757,2025-09-07 23:28:27.271,2025-09-07 23:30:25.701
758,2025-09-07 23:30:28.554,2025-09-07 23:34:04.158
759,2025-09-07 23:34:08.916,2025-09-07 23:37:50.312
760,2025-09-07 23:37:54.488,2025-09-07 23:38:11.573
761,2025-09-07 23:38:13.448,2025-09-07 23:40:36.280
762,2025-09-07 23:40:40.840,2025-09-07 23:43:58.128
764,2025-09-07 23:44:12.617,2025-09-07 23:47:29.714
765,2025-09-07 23:47:33.454,2025-09-07 23:50:52.175
766,2025-09-07 23:50:54.988,2025-09-07 23:52:16.412
768,2025-09-07 23:54:11.244,2025-09-07 23:58:15.246
772,2025-09-08 00:00:46.567,2025-09-08 00:04:27.956
773,2025-09-08 00:04:31.491,2025-09-08 00:05:39.650
774,2025-09-08 00:05:45.950,2025-09-08 00:09:12.138
775,2025-09-08 00:09:14.454,2025-09-08 00:10:53.606
776,2025-09-08 00:10:57.298,2025-09-08 00:12:26.244
777,2025-09-08 00:12:29.463,2025-09-08 00:16:04.885
778,2025-09-08 00:16:07.543,2025-09-08 00:19:28.930
784,2025-10-13 02:01:57.492,2025-10-13 02:04:46.247
785,2025-10-13 02:04:49.285,2025-10-13 02:08:45.102
786,2025-10-13 02:08:49.888,2025-10-13 02:10:52.270
792,2025-10-13 02:16:56.988,2025-10-13 02:18:58.409
793,2025-10-13 02:19:03.348,2025-10-13 02:19:16.456
794,2025-10-13 02:19:17.106,2025-10-13 02:22:53.227
796,2025-10-13 02:23:03.390,2025-10-13 02:24:59.479
797,2025-10-13 02:25:02.708,2025-10-13 02:28:30.481
798,2025-10-13 02:28:36.763,2025-10-13 02:29:15.471
799,2025-10-13 02:29:15.825,2025-10-13 02:33:01.500
800,2025-10-13 02:33:05.333,2025-10-13 02:34:08.109
801,2025-10-13 02:34:30.302,2025-10-13 02:34:47.011
802,2025-10-13 02:34:47.538,2025-10-13 02:37:48.499
803,2025-10-13 02:37:55.632,2025-10-13 02:37:59.530
804,2025-10-13 02:37:59.777,2025-10-13 02:42:13.095
805,2025-10-13 02:42:17.292,2025-10-13 02:44:56.015
