match_id,start_time,end_time
1,2025-01-08 23:38:14.696,2025-01-08 23:38:47.587
2,2025-01-08 23:44:52.099,2025-01-08 23:46:01.033
3,2025-01-08 23:46:01.439,2025-01-08 23:48:01.176
4,2025-01-08 23:48:01.289,2025-01-08 23:50:21.502
5,2025-01-08 23:50:22.005,2025-01-08 23:51:13.782
6,2025-01-08 23:51:14.362,2025-01-08 23:51:52.931
7,2025-01-08 23:51:53.142,2025-01-08 23:53:30.969
8,2025-01-08 23:53:32.871,2025-01-08 23:53:44.534
9,2025-01-08 23:53:45.712,2025-01-08 23:54:47.687
10,2025-01-08 23:54:48.356,2025-01-08 23:56:38.513
11,2025-01-08 23:56:38.757,2025-01-08 23:57:40.368
12,2025-01-08 23:57:43.471,2025-01-09 00:01:15.452
13,2025-01-09 00:01:20.794,2025-01-09 00:04:31.368
14,2025-01-09 00:04:35.893,2025-01-09 00:08:13.590
15,2025-01-09 00:08:25.218,2025-01-09 00:12:03.998
16,2025-01-09 00:12:06.139,2025-01-09 00:12:11.075
17,2025-01-09 00:12:19.360,2025-01-09 00:12:46.644
18,2025-01-09 00:12:47.447,2025-01-09 00:16:08.139
19,2025-01-09 00:16:20.457,2025-01-09 00:18:32.767
20,2025-01-09 00:19:05.465,2025-01-09 00:21:31.064
21,2025-01-09 00:21:35.351,2025-01-09 00:21:49.566
22,2025-01-09 00:21:52.143,2025-01-09 00:24:07.083
23,2025-01-09 00:24:12.484,2025-01-09 00:26:47.362
24,2025-01-09 00:26:50.988,2025-01-09 00:28:15.336
25,2025-01-09 00:28:22.658,2025-01-09 00:34:42.673
26,2025-01-09 00:34:49.858,2025-01-09 00:36:17.969
27,2025-01-09 00:36:19.417,2025-01-09 00:37:28.858
28,2025-01-09 00:37:29.328,2025-01-09 00:39:12.661
29,2025-01-09 00:39:18.674,2025-01-09 00:40:19.079
30,2025-01-09 00:40:23.864,2025-01-09 00:41:37.546
31,2025-01-09 00:41:41.028,2025-01-09 00:43:41.761
32,2025-01-09 00:43:45.332,2025-01-09 00:47:07.021
33,2025-01-09 00:47:11.379,2025-01-09 00:47:29.154
34,2025-01-09 00:47:29.313,2025-01-09 00:47:33.027
35,2025-01-09 00:47:35.017,
36,2025-01-09 01:01:03.393,2025-01-09 01:01:13.049
37,2025-01-09 04:44:13.620,2025-01-09 04:44:27.434
38,2025-01-09 05:07:52.561,2025-01-09 05:08:32.522
39,2025-01-09 05:12:51.096,2025-01-09 05:14:20.831
40,2025-01-09 05:14:21.550,2025-01-09 05:15:22.732
41,2025-01-09 05:15:23.178,2025-01-09 05:17:12.021
42,2025-01-09 05:17:12.735,2025-01-09 05:18:34.214
43,2025-01-09 05:18:37.434,2025-01-09 05:22:06.981
44,2025-01-09 05:22:14.814,2025-01-09 05:25:36.851
45,2025-01-09 05:25:42.607,2025-01-09 05:28:36.926
46,2025-01-09 05:28:41.739,2025-01-09 05:29:56.006
47,2025-01-09 05:29:58.905,2025-01-09 05:31:45.854
48,2025-01-09 05:31:46.331,2025-01-09 05:34:43.972
49,2025-01-09 05:34:49.220,2025-01-09 05:35:00.319
50,2025-01-09 05:35:00.948,2025-01-09 05:37:58.236
51,2025-01-09 05:38:02.774,2025-01-09 05:40:16.099
52,2025-01-09 05:40:20.994,2025-01-09 05:40:57.374
53,2025-01-09 05:40:57.838,2025-01-09 05:43:35.194
54,2025-01-09 05:43:48.445,2025-01-09 05:45:43.319
55,2025-01-09 05:45:49.016,2025-01-09 05:48:48.674
56,2025-01-09 05:48:53.200,2025-01-09 05:50:26.902
57,2025-01-09 05:50:30.502,2025-01-09 05:50:39.395
58,2025-01-09 05:50:39.625,2025-01-09 05:54:41.343
59,2025-01-09 05:54:42.107,2025-01-09 05:56:08.618
60,2025-01-09 05:56:12.770,2025-01-09 05:59:04.717
61,2025-01-09 05:59:09.278,2025-01-09 06:01:55.859
62,2025-01-09 06:02:04.152,2025-01-09 06:03:24.595
63,2025-01-09 06:03:25.264,2025-01-09 06:05:15.271
64,2025-01-09 06:07:02.686,2025-01-09 06:08:18.381
65,2025-01-09 06:08:18.771,2025-01-09 06:08:20.151
66,2025-01-09 06:08:37.418,2025-01-09 06:12:07.106
67,2025-01-09 06:12:14.120,2025-01-09 06:13:44.769
68,2025-01-09 06:13:50.095,2025-01-09 06:15:43.631
69,2025-01-09 06:15:51.049,2025-01-09 06:17:38.064
70,2025-01-09 06:17:42.156,2025-01-09 06:20:39.732
71,2025-01-09 06:20:45.307,2025-01-09 06:23:34.450
72,2025-01-09 06:23:39.949,2025-01-09 06:25:45.352
73,2025-01-09 06:25:49.337,2025-01-09 06:29:09.453
74,2025-01-09 06:29:14.298,2025-01-09 06:29:22.920
75,2025-01-09 06:29:24.723,2025-01-09 06:33:06.969
76,2025-01-09 06:33:42.860,2025-01-09 06:38:48.320
77,2025-01-09 06:39:00.443,2025-01-09 06:42:50.571
78,2025-01-09 06:42:54.332,2025-01-09 06:43:23.816
79,2025-01-09 06:43:24.486,2025-01-09 06:45:40.829
80,2025-01-09 06:45:45.132,2025-01-09 06:48:07.903
81,2025-01-09 15:01:19.348,2025-01-09 15:01:50.466
82,2025-01-11 18:06:29.087,2025-01-11 18:06:51.693
83,2025-01-11 18:06:52.329,2025-01-11 18:08:18.595
84,2025-01-11 18:08:19.767,2025-01-11 18:12:02.056
85,2025-01-11 18:12:08.266,2025-01-11 18:12:25.017
86,2025-01-11 18:12:25.208,2025-01-11 18:14:33.972
87,2025-01-11 18:14:38.530,2025-01-11 18:15:20.169
88,2025-01-11 18:15:20.670,2025-01-11 18:19:04.329
89,2025-01-11 18:19:11.726,2025-01-11 18:21:08.484
90,2025-01-11 18:21:09.239,2025-01-11 18:23:37.403
91,2025-01-11 18:23:41.181,2025-01-11 18:26:55.921
92,2025-01-11 18:26:58.694,2025-01-11 18:31:32.862
93,2025-01-11 18:31:45.942,2025-01-11 18:34:53.079
94,2025-01-11 18:34:57.978,2025-01-11 18:35:07.580
95,2025-01-11 18:35:08.288,2025-01-11 18:38:23.197
96,2025-01-11 18:38:27.464,2025-01-11 18:41:58.438
97,2025-01-11 18:42:04.553,2025-01-11 18:45:24.510
98,2025-01-11 18:45:28.151,2025-01-11 18:48:44.095
99,2025-01-11 18:48:48.560,2025-01-11 18:50:45.065
100,2025-01-11 18:50:51.506,2025-01-11 18:51:25.647
101,2025-01-11 18:51:28.221,2025-01-11 18:54:50.798
102,2025-01-11 18:54:57.355,2025-01-11 18:58:18.741
103,2025-01-11 18:58:27.155,2025-01-11 18:59:27.064
104,2025-01-11 18:59:28.021,2025-01-11 19:03:43.050
105,2025-01-16 05:10:32.068,2025-01-16 05:10:48.909
106,2025-01-16 05:15:33.010,2025-01-16 05:15:55.801
107,2025-01-16 05:16:23.275,2025-01-16 05:19:26.417
108,2025-01-16 05:19:27.685,2025-01-16 05:21:50.762
109,2025-01-16 05:21:52.404,2025-01-16 05:22:37.032
110,2025-01-16 05:22:37.365,2025-01-16 05:24:50.543
111,2025-01-16 05:24:51.927,2025-01-16 05:27:25.903
112,2025-01-16 05:27:33.749,2025-01-16 05:28:05.297
113,2025-01-16 05:28:05.845,2025-01-16 05:29:50.678
114,2025-01-16 05:29:57.763,2025-01-16 05:30:19.966
115,2025-01-16 05:30:20.105,2025-01-16 05:32:09.365
116,2025-01-16 05:32:18.998,2025-01-16 05:35:39.740
117,2025-01-16 05:35:48.797,2025-01-16 05:37:32.255
118,2025-01-16 05:37:40.298,2025-01-16 05:38:48.696
119,2025-01-16 05:38:48.999,2025-01-16 05:42:33.518
120,2025-01-16 05:42:37.034,2025-01-16 05:42:44.123
121,2025-01-16 05:42:44.331,2025-01-16 05:45:57.721
122,2025-01-16 05:46:02.475,2025-01-16 05:48:18.125
123,2025-01-16 05:48:18.559,2025-01-16 05:50:31.679
124,2025-01-16 05:50:37.561,2025-01-16 05:54:00.913
125,2025-01-16 05:54:11.880,2025-01-16 05:55:19.894
126,2025-01-16 05:55:20.212,2025-01-16 05:57:54.842
127,2025-01-16 05:58:02.697,2025-01-16 06:00:44.314
128,2025-01-16 06:00:48.234,2025-01-16 06:02:55.291
129,2025-01-16 06:03:01.682,2025-01-16 06:06:33.293
130,2025-01-16 06:06:40.579,2025-01-16 06:09:43.641
131,2025-01-16 06:09:48.774,2025-01-16 06:11:04.620
132,2025-01-16 06:11:06.525,2025-01-16 06:14:30.337
133,2025-01-16 06:14:34.866,2025-01-16 06:14:43.323
134,2025-01-16 06:14:45.139,2025-01-16 06:15:56.111
135,2025-01-16 06:16:05.490,2025-01-16 06:19:27.468
136,2025-01-16 06:19:28.649,2025-01-16 06:22:16.116
137,2025-01-16 06:22:19.140,2025-01-16 06:22:27.001
138,2025-01-16 06:22:29.224,2025-01-16 06:25:39.593
139,2025-01-16 06:25:51.092,2025-01-16 06:26:45.645
140,2025-01-16 06:26:46.269,2025-01-16 06:29:57.715
141,2025-01-16 06:30:00.603,2025-01-16 06:31:32.244
142,2025-01-16 06:31:35.632,2025-01-16 06:31:53.810
143,2025-01-16 06:31:54.817,2025-01-16 06:32:05.015
144,2025-01-16 06:32:05.370,2025-01-16 06:33:52.713
145,2025-01-16 06:33:57.236,2025-01-16 06:34:05.818
146,2025-01-16 06:34:06.312,2025-01-16 06:37:33.942
147,2025-01-16 06:54:21.621,2025-01-16 06:54:32.626
148,2025-01-16 06:58:46.503,2025-01-16 06:59:13.311
149,2025-01-16 06:59:21.995,2025-01-16 07:02:37.268
150,2025-01-16 07:03:35.685,2025-01-16 07:03:39.710
151,2025-01-16 07:05:06.500,2025-01-16 07:05:08.151
152,2025-01-16 07:14:53.634,2025-01-16 07:14:59.787
